wildtype,site,f_chain,mab_site,mab_residue,mab_chain,min_distance,antibody
I,27,D,28,T,H,8.3,1A9
L,28,D,28,T,H,10.57,1A9
H,29,D,28,T,H,13.4,1A9
Y,30,D,28,T,H,7.51,1A9
E,31,D,30,T,H,14.93,1A9
K,32,D,30,T,H,17.49,1A9
L,33,D,28,T,H,14.32,1A9
S,34,D,30,T,H,14.72,1A9
K,35,D,30,T,H,17.82,1A9
I,36,D,30,T,H,19.33,1A9
G,37,D,30,T,H,16.24,1A9
L,38,D,30,T,H,13.0,1A9
V,39,D,30,T,H,10.46,1A9
K,40,D,28,T,H,6.52,1A9
G,41,D,30,T,H,4.4,1A9
V,42,D,30,T,H,3.29,1A9
T,43,D,30,T,H,2.97,1A9
R,44,D,29,F,H,3.64,1A9
K,45,D,27,Y,H,2.97,1A9
Y,46,D,29,F,H,5.13,1A9
K,47,D,96,D,H,2.8,1A9
I,48,D,96,D,H,8.95,1A9
K,49,D,32,R,L,8.72,1A9
S,50,D,53,S,L,5.73,1A9
N,51,D,53,S,L,4.49,1A9
P,52,D,31,N,L,6.19,1A9
L,53,D,31,N,L,3.39,1A9
T,54,D,30,Y,L,7.14,1A9
K,55,D,30,Y,L,2.69,1A9
D,56,D,30,Y,L,9.8,1A9
I,57,D,30,Y,L,10.71,1A9
V,58,D,30,Y,L,14.69,1A9
I,59,D,30,Y,L,16.97,1A9
K,60,B,56,Y,H,19.87,1A9
M,61,B,56,Y,H,15.12,1A9
I,62,B,64,K,H,17.31,1A9
P,63,B,64,K,H,21.61,1A9
N,64,B,64,K,H,23.56,1A9
V,65,B,64,K,H,22.46,1A9
S,66,B,64,K,H,24.29,1A9
N,67,B,64,K,H,27.75,1A9
M,68,B,27,E,L,26.11,1A9
S,69,B,61,E,H,23.75,1A9
Q,70,B,61,E,H,25.71,1A9
C,71,B,27,E,L,24.74,1A9
T,72,B,27,E,L,20.72,1A9
G,73,B,27,E,L,18.87,1A9
S,74,B,27,E,L,14.44,1A9
V,75,B,94,S,L,16.64,1A9
M,76,B,94,S,L,15.72,1A9
E,77,B,94,S,L,12.49,1A9
N,78,B,94,S,L,11.94,1A9
Y,79,B,94,S,L,13.42,1A9
K,80,B,94,S,L,11.48,1A9
T,81,B,94,S,L,7.51,1A9
R,82,B,94,S,L,10.16,1A9
L,83,B,56,Y,H,10.78,1A9
N,84,B,56,Y,H,7.59,1A9
G,85,B,56,Y,H,6.46,1A9
I,86,B,56,Y,H,7.93,1A9
L,87,B,56,Y,H,7.19,1A9
T,88,B,56,Y,H,3.43,1A9
P,89,B,56,Y,H,3.76,1A9
I,90,B,56,Y,H,6.04,1A9
K,91,B,55,G,H,4.66,1A9
G,92,B,55,G,H,2.76,1A9
A,93,B,55,G,H,4.14,1A9
L,94,B,55,G,H,6.09,1A9
E,95,B,55,G,H,4.32,1A9
I,96,B,55,G,H,3.17,1A9
Y,97,B,55,G,H,7.25,1A9
K,98,B,55,G,H,8.54,1A9
N,99,B,55,G,H,6.88,1A9
N,100,B,73,T,H,6.16,1A9
T,101,B,73,T,H,11.14,1A9
H,102,B,73,T,H,13.49,1A9
D,103,B,73,T,H,17.6,1A9
C,104,B,73,T,H,18.55,1A9
G,112,D,65,S,L,19.14,1A9
V,113,B,73,T,H,17.2,1A9
C,114,B,73,T,H,13.71,1A9
M,115,B,73,T,H,10.81,1A9
A,116,B,73,T,H,6.81,1A9
G,117,B,73,T,H,6.84,1A9
V,118,B,74,S,H,3.55,1A9
A,119,B,73,T,H,2.57,1A9
I,120,B,73,T,H,4.58,1A9
G,121,B,73,T,H,5.45,1A9
I,122,B,30,T,H,4.25,1A9
A,123,B,30,T,H,8.89,1A9
T,124,B,31,N,H,11.86,1A9
A,125,B,30,T,H,15.43,1A9
A,126,B,53,G,H,15.22,1A9
Q,127,B,53,G,H,8.3,1A9
I,128,B,73,T,H,13.23,1A9
T,129,B,53,G,H,15.92,1A9
A,130,B,53,G,H,14.58,1A9
G,131,B,53,G,H,13.38,1A9
V,132,B,53,G,H,15.6,1A9
A,133,D,31,N,L,15.74,1A9
L,134,B,55,G,H,11.08,1A9
Y,135,B,55,G,H,15.14,1A9
E,136,D,31,N,L,14.14,1A9
A,137,D,30,Y,L,16.08,1A9
M,138,B,55,G,H,12.31,1A9
K,139,D,67,S,L,12.47,1A9
N,140,D,67,S,L,13.27,1A9
A,141,B,55,G,H,16.01,1A9
D,142,B,55,G,H,15.41,1A9
N,143,D,67,S,L,16.33,1A9
I,144,D,30,Y,L,14.95,1A9
N,145,B,55,G,H,15.07,1A9
K,146,B,55,G,H,20.25,1A9
L,147,D,30,Y,L,17.78,1A9
K,148,B,64,K,H,14.89,1A9
S,149,B,64,K,H,20.75,1A9
S,150,D,30,Y,L,21.66,1A9
I,151,D,30,Y,L,19.65,1A9
E,152,B,64,K,H,16.3,1A9
S,153,B,64,K,H,22.81,1A9
T,154,D,30,Y,L,20.44,1A9
N,155,D,30,Y,L,23.54,1A9
E,156,D,30,Y,L,20.47,1A9
A,157,D,30,Y,L,17.94,1A9
V,158,D,30,Y,L,14.07,1A9
V,159,D,30,Y,L,14.94,1A9
K,160,D,30,Y,L,11.63,1A9
L,161,D,30,Y,L,14.35,1A9
Q,162,D,69,K,L,11.49,1A9
E,163,D,69,K,L,17.16,1A9
T,164,D,69,K,L,14.58,1A9
A,165,D,69,K,L,12.0,1A9
E,166,D,28,D,L,14.21,1A9
K,167,D,30,Y,L,14.35,1A9
T,168,D,30,Y,L,10.33,1A9
V,169,D,30,Y,L,12.24,1A9
Y,170,D,30,Y,L,8.74,1A9
V,171,D,30,Y,L,14.49,1A9
F,172,D,30,Y,L,12.11,1A9
T,173,D,30,Y,L,19.29,1A9
A,174,B,56,Y,H,21.96,1A9
L,175,B,94,S,L,23.07,1A9
Q,176,D,30,Y,L,23.68,1A9
D,177,D,30,Y,L,23.75,1A9
Y,178,D,30,Y,L,26.57,1A9
I,179,B,94,S,L,26.35,1A9
N,180,D,30,Y,L,25.73,1A9
T,181,D,30,Y,L,27.7,1A9
N,182,D,30,Y,L,30.39,1A9
L,183,B,92,W,L,27.0,1A9
V,184,B,64,K,H,31.13,1A9
P,185,D,30,Y,L,33.18,1A9
T,186,B,30,Y,L,31.62,1A9
I,187,B,27,E,L,30.02,1A9
D,188,B,27,E,L,33.84,1A9
K,189,B,30,Y,L,33.81,1A9
I,190,B,30,Y,L,29.07,1A9
P,191,B,27,E,L,27.48,1A9
C,192,B,27,E,L,24.67,1A9
K,193,B,27,E,L,18.86,1A9
Q,194,B,30,Y,L,24.49,1A9
T,195,B,27,E,L,24.56,1A9
E,196,B,27,E,L,20.3,1A9
L,197,B,30,Y,L,18.79,1A9
S,198,B,30,Y,L,22.72,1A9
L,199,B,92,W,L,21.52,1A9
D,200,B,30,Y,L,16.37,1A9
L,201,B,30,Y,L,19.06,1A9
A,202,B,92,W,L,21.69,1A9
L,203,B,92,W,L,18.92,1A9
S,204,B,92,W,L,16.11,1A9
K,205,B,92,W,L,19.31,1A9
Y,206,B,56,Y,H,18.95,1A9
L,207,B,94,S,L,15.37,1A9
S,208,B,92,W,L,17.06,1A9
D,209,B,56,Y,H,19.44,1A9
L,210,B,56,Y,H,15.28,1A9
L,211,B,56,Y,H,12.62,1A9
F,212,B,56,Y,H,16.71,1A9
V,213,B,56,Y,H,14.6,1A9
F,214,B,56,Y,H,10.99,1A9
G,215,B,56,Y,H,10.31,1A9
P,216,B,52,Y,H,9.56,1A9
N,217,B,52,Y,H,11.65,1A9
L,218,B,52,Y,H,9.68,1A9
Q,219,B,31,N,H,6.19,1A9
D,220,B,53,G,H,9.12,1A9
P,221,B,54,G,H,8.9,1A9
V,222,B,53,G,H,9.23,1A9
S,223,B,53,G,H,13.03,1A9
N,224,D,32,R,L,15.04,1A9
S,225,D,32,R,L,16.49,1A9
M,226,D,32,R,L,15.64,1A9
T,227,D,32,R,L,15.07,1A9
I,228,D,32,R,L,12.77,1A9
Q,229,D,32,R,L,14.2,1A9
A,230,D,32,R,L,18.24,1A9
I,231,D,30,Y,L,16.85,1A9
S,232,D,92,W,L,17.65,1A9
Q,233,B,56,Y,H,20.55,1A9
A,234,B,56,Y,H,18.69,1A9
F,235,D,30,Y,L,17.43,1A9
G,236,D,30,Y,L,21.98,1A9
G,237,D,92,W,L,19.25,1A9
N,238,D,30,Y,L,16.23,1A9
Y,239,D,92,W,L,12.77,1A9
E,240,D,92,W,L,11.89,1A9
T,241,D,30,Y,L,11.89,1A9
L,242,D,30,Y,L,9.57,1A9
L,243,D,92,W,L,7.63,1A9
R,244,D,30,Y,L,8.36,1A9
T,245,D,30,Y,L,7.26,1A9
L,246,D,30,Y,L,3.65,1A9
G,247,D,92,W,L,3.27,1A9
Y,248,D,30,Y,L,3.79,1A9
A,249,D,92,W,L,3.61,1A9
T,250,D,92,W,L,2.99,1A9
E,251,D,95,R,H,2.74,1A9
D,252,D,32,R,L,5.2,1A9
F,253,D,32,R,L,6.54,1A9
D,254,D,32,R,L,8.95,1A9
D,255,D,96,D,H,7.17,1A9
L,256,D,32,R,L,3.41,1A9
L,257,D,32,R,L,8.97,1A9
E,258,D,32,R,L,11.77,1A9
S,259,D,32,R,L,10.14,1A9
D,260,D,32,R,L,11.75,1A9
S,261,D,32,R,L,8.45,1A9
I,262,D,32,R,L,7.43,1A9
T,263,D,32,R,L,10.9,1A9
G,264,D,32,R,L,13.94,1A9
Q,265,B,55,G,H,14.74,1A9
I,266,B,55,G,H,13.29,1A9
I,267,B,55,G,H,12.68,1A9
Y,268,B,55,G,H,11.89,1A9
V,269,B,55,G,H,10.0,1A9
D,270,B,56,Y,H,11.61,1A9
L,271,B,56,Y,H,6.59,1A9
S,272,B,64,K,H,9.63,1A9
S,273,B,64,K,H,13.42,1A9
Y,274,B,64,K,H,10.4,1A9
Y,275,B,56,Y,H,14.29,1A9
I,276,B,56,Y,H,13.91,1A9
I,277,B,55,G,H,15.83,1A9
V,278,D,30,Y,L,13.17,1A9
R,279,D,30,Y,L,12.12,1A9
V,280,D,30,Y,L,8.77,1A9
Y,281,D,32,R,L,8.64,1A9
F,282,D,32,R,L,3.38,1A9
P,283,D,32,R,L,2.76,1A9
I,284,D,32,R,L,3.36,1A9
L,285,D,32,R,L,5.01,1A9
T,286,D,53,S,L,4.7,1A9
E,287,D,29,F,H,3.67,1A9
I,288,D,29,F,H,6.04,1A9
Q,289,D,55,E,L,4.26,1A9
Q,290,D,56,T,L,3.92,1A9
A,291,D,29,F,H,3.8,1A9
Y,292,D,29,F,H,3.61,1A9
I,293,D,29,F,H,5.71,1A9
Q,294,D,28,T,H,6.09,1A9
E,295,D,30,T,H,8.07,1A9
L,296,D,30,T,H,10.4,1A9
L,297,D,30,T,H,10.23,1A9
P,298,D,30,T,H,14.9,1A9
V,299,D,30,T,H,15.88,1A9
S,300,D,30,T,H,20.12,1A9
F,301,D,30,T,H,22.42,1A9
N,302,D,30,T,H,25.22,1A9
N,303,D,30,T,H,28.36,1A9
D,304,D,30,T,H,31.6,1A9
N,305,D,30,T,H,32.89,1A9
S,306,D,30,T,H,29.05,1A9
E,307,D,30,T,H,25.1,1A9
W,308,D,30,T,H,23.47,1A9
I,309,D,30,T,H,22.26,1A9
S,310,D,30,T,H,20.21,1A9
I,311,D,30,T,H,21.37,1A9
V,312,D,30,T,H,17.3,1A9
P,313,D,30,T,H,15.28,1A9
N,314,D,30,T,H,12.01,1A9
F,315,D,31,N,H,10.62,1A9
I,316,D,29,F,H,9.65,1A9
L,317,D,29,F,H,8.78,1A9
V,318,D,29,F,H,7.71,1A9
R,319,D,29,F,H,9.87,1A9
N,320,D,56,T,L,7.94,1A9
T,321,D,28,T,H,10.2,1A9
L,322,D,28,T,H,11.9,1A9
I,323,D,28,T,H,12.23,1A9
S,324,D,29,F,H,13.73,1A9
N,325,D,29,F,H,14.81,1A9
I,326,D,29,F,H,11.76,1A9
E,327,D,29,F,H,16.36,1A9
I,328,D,29,F,H,12.18,1A9
G,329,D,29,F,H,17.66,1A9
F,330,D,32,R,L,17.01,1A9
C,331,D,29,F,H,14.2,1A9
L,332,D,52,Y,H,10.83,1A9
I,333,D,31,N,H,8.91,1A9
T,334,D,52,Y,H,5.14,1A9
K,335,D,31,N,H,2.92,1A9
R,336,D,33,W,H,3.05,1A9
S,337,D,31,N,H,5.79,1A9
V,338,D,29,F,H,7.91,1A9
I,339,D,96,D,H,7.7,1A9
C,340,D,96,D,H,11.22,1A9
N,341,D,32,R,L,12.31,1A9
Q,342,D,32,R,L,14.21,1A9
D,343,D,29,F,H,14.05,1A9
Y,344,D,29,F,H,15.63,1A9
A,345,D,29,F,H,14.69,1A9
T,346,D,29,F,H,17.05,1A9
P,347,D,29,F,H,19.63,1A9
M,348,D,28,T,H,16.29,1A9
T,349,D,28,T,H,20.73,1A9
N,350,D,28,T,H,21.48,1A9
N,351,D,28,T,H,21.7,1A9
M,352,D,28,T,H,18.37,1A9
R,353,D,28,T,H,16.92,1A9
E,354,D,28,T,H,19.34,1A9
C,355,D,28,T,H,18.12,1A9
L,356,D,28,T,H,14.55,1A9
T,357,D,28,T,H,15.19,1A9
G,358,D,28,T,H,17.66,1A9
S,359,D,28,T,H,20.45,1A9
T,360,D,28,T,H,21.35,1A9
E,361,D,28,T,H,24.85,1A9
K,362,D,28,T,H,24.16,1A9
C,363,D,28,T,H,21.29,1A9
P,364,D,30,T,H,23.79,1A9
R,365,D,30,T,H,25.57,1A9
E,366,D,30,T,H,26.18,1A9
L,367,D,30,T,H,27.94,1A9
V,368,D,30,T,H,25.79,1A9
V,369,D,30,T,H,29.83,1A9
S,370,D,31,N,H,27.24,1A9
S,371,D,31,N,H,26.95,1A9
H,372,D,31,N,H,22.79,1A9
V,373,D,30,T,H,22.25,1A9
P,374,D,30,T,H,18.64,1A9
R,375,D,30,T,H,20.07,1A9
F,376,D,30,T,H,16.44,1A9
A,377,D,30,T,H,13.47,1A9
L,378,D,73,T,H,9.36,1A9
S,379,D,30,T,H,8.08,1A9
N,380,D,30,T,H,6.48,1A9
G,381,D,74,S,H,7.83,1A9
V,382,D,74,S,H,10.09,1A9
L,383,D,74,S,H,13.4,1A9
F,384,D,30,T,H,13.09,1A9
A,385,D,30,T,H,18.83,1A9
N,386,D,30,T,H,21.59,1A9
C,387,D,74,S,H,22.75,1A9
I,388,D,30,T,H,26.97,1A9
S,389,D,30,T,H,26.69,1A9
V,390,D,30,T,H,23.7,1A9
T,391,D,74,S,H,24.76,1A9
C,392,D,74,S,H,22.5,1A9
Q,393,D,74,S,H,21.21,1A9
C,394,D,74,S,H,18.96,1A9
Q,395,D,74,S,H,18.65,1A9
T,396,D,74,S,H,17.42,1A9
T,397,D,74,S,H,21.65,1A9
G,398,D,74,S,H,23.89,1A9
R,399,D,74,S,H,24.29,1A9
A,400,D,74,S,H,25.41,1A9
I,401,D,74,S,H,20.17,1A9
S,402,D,74,S,H,25.83,1A9
Q,403,D,30,T,H,24.95,1A9
S,404,D,74,S,H,28.95,1A9
G,405,D,30,T,H,30.92,1A9
E,406,D,30,T,H,28.41,1A9
Q,407,D,74,S,H,25.69,1A9
T,408,D,30,T,H,22.84,1A9
L,409,D,30,T,H,18.76,1A9
L,410,D,74,S,H,19.44,1A9
M,411,D,74,S,H,15.61,1A9
I,412,D,74,S,H,13.98,1A9
D,413,D,74,S,H,13.02,1A9
N,414,D,74,S,H,9.51,1A9
T,415,D,74,S,H,14.17,1A9
T,416,D,74,S,H,16.73,1A9
C,417,D,74,S,H,14.61,1A9
P,418,D,74,S,H,12.74,1A9
T,419,D,74,S,H,14.32,1A9
A,420,D,74,S,H,16.1,1A9
V,421,D,74,S,H,19.14,1A9
L,422,D,73,T,H,18.31,1A9
G,423,D,73,T,H,22.56,1A9
N,424,D,73,T,H,20.02,1A9
V,425,D,73,T,H,16.43,1A9
I,426,D,73,T,H,15.09,1A9
I,427,D,73,T,H,11.66,1A9
S,428,D,74,S,H,9.87,1A9
L,429,D,74,S,H,9.22,1A9
G,430,D,74,S,H,7.82,1A9
K,431,D,74,S,H,8.72,1A9
Y,432,D,74,S,H,11.08,1A9
L,433,D,74,S,H,7.64,1A9
G,434,D,74,S,H,12.99,1A9
S,435,D,74,S,H,16.57,1A9
V,436,D,74,S,H,18.01,1A9
N,437,D,74,S,H,20.3,1A9
Y,438,D,30,T,H,17.42,1A9
N,439,D,74,S,H,20.44,1A9
S,440,D,74,S,H,24.18,1A9
E,441,D,74,S,H,23.24,1A9
G,442,D,30,T,H,26.16,1A9
I,443,D,30,T,H,22.54,1A9
A,444,D,30,T,H,25.49,1A9
I,445,D,30,T,H,26.87,1A9
G,446,D,30,T,H,26.83,1A9
P,447,D,28,T,H,28.49,1A9
P,448,D,30,T,H,30.21,1A9
V,449,D,30,T,H,27.64,1A9
F,450,D,30,T,H,30.6,1A9
T,451,D,30,T,H,26.95,1A9
D,452,D,30,T,H,30.88,1A9
K,453,B,29,F,H,28.88,1A9
V,454,B,29,F,H,33.14,1A9
D,455,D,30,T,H,34.61,1A9
I,456,D,30,T,H,31.52,1A9
S,457,B,29,F,H,30.92,1A9
S,458,B,29,F,H,35.19,1A9
Q,459,D,30,T,H,33.38,1A9
I,460,B,29,F,H,32.27,1A9
S,461,B,29,F,H,34.28,1A9
S,462,B,28,T,H,37.96,1A9
M,463,D,28,T,H,36.2,1A9
N,464,B,28,T,H,32.68,1A9
Q,465,B,28,T,H,37.68,1A9
S,466,B,28,T,H,40.31,1A9
L,467,B,28,T,H,36.97,1A9
Q,468,B,28,T,H,35.29,1A9
Q,469,B,28,T,H,41.27,1A9
S,470,B,28,T,H,43.13,1A9
K,471,B,28,T,H,35.88,1A9
I,27,G,27,Q,L,13.16,2B12
L,28,G,27,V,L,16.4,2B12
H,29,D,52,K,H,15.26,2B12
Y,30,D,52,S,H,17.35,2B12
E,31,D,52,K,H,14.0,2B12
K,32,D,52,K,H,11.7,2B12
L,33,D,52,S,H,15.12,2B12
S,34,D,52,S,H,14.29,2B12
K,35,D,52,S,H,10.29,2B12
I,36,D,52,S,H,10.62,2B12
G,37,D,52,S,H,14.27,2B12
L,38,D,52,S,H,16.94,2B12
V,39,D,28,N,L,17.94,2B12
K,40,D,52,S,H,21.72,2B12
G,41,G,27,V,L,23.97,2B12
V,42,G,27,V,L,21.43,2B12
T,43,G,27,V,L,18.75,2B12
R,44,G,27,V,L,16.91,2B12
K,45,G,29,Q,L,16.33,2B12
Y,46,G,27,V,L,10.53,2B12
K,47,G,29,Q,L,13.77,2B12
I,48,G,29,Q,L,9.97,2B12
K,49,G,29,Q,L,12.84,2B12
S,50,G,29,Q,L,12.47,2B12
N,51,G,29,Q,L,13.65,2B12
P,52,G,29,Q,L,16.96,2B12
L,53,G,29,Q,L,21.31,2B12
T,54,G,29,Q,L,23.41,2B12
K,55,G,29,Q,L,27.25,2B12
D,56,G,29,Q,L,29.88,2B12
I,57,G,29,Q,L,32.88,2B12
V,58,G,29,Q,L,36.13,2B12
I,59,G,27,S,L,35.01,2B12
K,60,G,27,S,L,40.5,2B12
M,61,G,27,S,L,37.49,2B12
I,62,G,27,S,L,44.63,2B12
P,63,G,27,S,L,47.73,2B12
N,64,G,27,S,L,50.27,2B12
V,65,G,27,S,L,53.58,2B12
S,66,G,27,S,L,56.02,2B12
N,67,G,29,Q,L,58.11,2B12
M,68,G,27,S,L,56.71,2B12
S,69,G,27,S,L,59.91,2B12
Q,70,G,27,S,L,62.52,2B12
C,71,G,27,S,L,60.95,2B12
T,72,G,27,S,L,57.76,2B12
G,73,G,27,S,L,59.8,2B12
S,74,G,27,S,L,56.32,2B12
V,75,G,27,S,L,52.93,2B12
M,76,G,27,S,L,51.46,2B12
E,77,G,27,S,L,51.75,2B12
N,78,G,27,S,L,49.94,2B12
Y,79,G,27,S,L,44.8,2B12
K,80,G,27,S,L,46.99,2B12
T,81,G,27,S,L,46.55,2B12
R,82,G,27,S,L,43.64,2B12
L,83,G,27,S,L,42.06,2B12
N,84,G,27,S,L,42.22,2B12
G,85,G,27,S,L,41.01,2B12
I,86,G,27,S,L,38.11,2B12
L,87,G,27,S,L,37.63,2B12
T,88,G,27,S,L,37.44,2B12
P,89,G,27,S,L,34.18,2B12
I,90,G,27,S,L,32.7,2B12
K,91,G,27,S,L,34.63,2B12
G,92,G,27,S,L,33.58,2B12
A,93,G,27,S,L,30.09,2B12
L,94,G,27,S,L,29.38,2B12
E,95,G,28,N,L,32.59,2B12
I,96,G,28,N,L,29.54,2B12
Y,97,G,27,S,L,23.3,2B12
K,98,G,28,N,L,30.09,2B12
N,99,G,30,K,L,31.04,2B12
N,100,G,30,K,L,26.62,2B12
T,101,G,30,K,L,25.2,2B12
H,102,G,53,T,L,24.82,2B12
D,103,G,54,R,L,23.56,2B12
C,104,G,54,R,L,19.86,2B12
G,112,G,54,R,L,18.36,2B12
V,113,G,53,T,L,20.11,2B12
C,114,G,49,Y,L,22.03,2B12
M,115,G,30,K,L,21.85,2B12
A,116,G,30,K,L,24.77,2B12
G,117,G,30,K,L,23.92,2B12
V,118,G,28,I,H,24.33,2B12
A,119,G,28,I,H,28.31,2B12
I,120,G,30,K,L,24.7,2B12
G,121,G,28,N,L,24.57,2B12
I,122,G,28,N,L,23.66,2B12
A,123,G,28,N,L,19.69,2B12
T,124,G,27,S,L,17.6,2B12
A,125,G,27,S,L,14.15,2B12
A,126,G,27,S,L,15.82,2B12
Q,127,G,27,S,L,18.54,2B12
I,128,G,30,K,L,18.46,2B12
T,129,G,28,N,L,15.4,2B12
A,130,G,27,S,L,19.51,2B12
G,131,G,28,N,L,21.99,2B12
V,132,G,30,K,L,19.61,2B12
A,133,G,28,N,L,21.64,2B12
L,134,G,28,N,L,24.24,2B12
Y,135,G,30,K,L,25.5,2B12
E,136,G,30,K,L,23.21,2B12
A,137,G,28,N,L,26.93,2B12
M,138,G,28,N,L,29.55,2B12
K,139,G,54,R,L,27.4,2B12
N,140,G,29,Q,L,31.81,2B12
A,141,G,29,Q,L,33.33,2B12
D,142,G,60,D,L,34.8,2B12
N,143,G,60,D,L,34.26,2B12
I,144,G,29,Q,L,34.94,2B12
N,145,G,28,N,L,37.99,2B12
K,146,G,60,D,L,38.01,2B12
L,147,G,29,Q,L,42.06,2B12
K,148,G,29,Q,L,44.77,2B12
S,149,G,29,Q,L,47.41,2B12
S,150,G,29,Q,L,46.93,2B12
I,151,G,29,Q,L,41.81,2B12
E,152,G,29,Q,L,47.02,2B12
S,153,G,29,Q,L,49.27,2B12
T,154,G,29,Q,L,46.36,2B12
N,155,G,29,Q,L,49.72,2B12
E,156,G,29,Q,L,46.32,2B12
A,157,G,29,Q,L,43.2,2B12
V,158,G,29,Q,L,41.46,2B12
V,159,G,29,Q,L,41.97,2B12
K,160,G,29,Q,L,41.61,2B12
L,161,G,29,Q,L,41.27,2B12
Q,162,G,29,Q,L,42.77,2B12
E,163,G,60,D,L,43.5,2B12
T,164,G,60,D,L,39.85,2B12
A,165,G,60,D,L,37.11,2B12
E,166,G,60,D,L,33.33,2B12
K,167,G,29,Q,L,38.03,2B12
T,168,G,29,Q,L,36.55,2B12
V,169,G,29,Q,L,36.79,2B12
Y,170,G,29,Q,L,37.17,2B12
V,171,G,29,Q,L,40.03,2B12
F,172,G,29,Q,L,36.93,2B12
T,173,G,29,Q,L,42.62,2B12
A,174,G,27,S,L,42.92,2B12
L,175,G,27,S,L,45.59,2B12
Q,176,G,27,S,L,47.56,2B12
D,177,G,29,Q,L,48.09,2B12
Y,178,G,27,S,L,49.94,2B12
I,179,G,27,S,L,51.64,2B12
N,180,G,29,Q,L,51.84,2B12
T,181,G,29,Q,L,52.81,2B12
N,182,G,27,S,L,53.5,2B12
L,183,G,27,S,L,55.4,2B12
V,184,G,29,Q,L,57.63,2B12
P,185,G,29,Q,L,58.96,2B12
T,186,G,27,S,L,61.28,2B12
I,187,G,27,S,L,62.11,2B12
D,188,G,27,S,L,66.02,2B12
K,189,D,29,Q,L,64.13,2B12
I,190,G,27,S,L,62.9,2B12
P,191,G,27,S,L,65.04,2B12
C,192,G,27,S,L,62.78,2B12
K,193,G,27,S,L,61.94,2B12
Q,194,G,27,S,L,60.05,2B12
T,195,G,27,S,L,58.16,2B12
E,196,G,27,S,L,57.22,2B12
L,197,G,27,S,L,56.11,2B12
S,198,G,27,S,L,54.0,2B12
L,199,G,27,S,L,52.34,2B12
D,200,G,27,S,L,51.68,2B12
L,201,G,27,S,L,50.2,2B12
A,202,G,27,S,L,47.92,2B12
L,203,G,27,S,L,46.75,2B12
S,204,G,27,S,L,46.24,2B12
K,205,G,27,S,L,44.2,2B12
Y,206,G,27,S,L,40.7,2B12
L,207,G,27,S,L,41.61,2B12
S,208,G,27,S,L,40.76,2B12
D,209,G,27,S,L,38.07,2B12
L,210,G,27,S,L,36.73,2B12
L,211,G,27,S,L,36.45,2B12
F,212,G,27,S,L,33.43,2B12
V,213,G,27,S,L,31.74,2B12
F,214,G,27,S,L,33.18,2B12
G,215,G,27,S,L,33.9,2B12
P,216,G,27,S,L,32.57,2B12
N,217,G,27,S,L,29.42,2B12
L,218,G,27,S,L,28.54,2B12
Q,219,G,27,S,L,27.16,2B12
D,220,G,27,S,L,22.78,2B12
P,221,G,27,S,L,26.46,2B12
V,222,G,27,S,L,23.67,2B12
S,223,G,27,S,L,21.44,2B12
N,224,G,27,S,L,19.03,2B12
S,225,G,27,S,L,19.79,2B12
M,226,G,27,S,L,23.04,2B12
T,227,G,27,S,L,24.12,2B12
I,228,G,27,S,L,27.01,2B12
Q,229,G,27,S,L,27.39,2B12
A,230,G,27,S,L,29.12,2B12
I,231,G,27,S,L,28.19,2B12
S,232,G,27,S,L,32.77,2B12
Q,233,G,27,S,L,34.58,2B12
A,234,G,27,S,L,36.39,2B12
F,235,G,27,S,L,38.01,2B12
G,236,G,27,S,L,39.21,2B12
G,237,G,27,S,L,36.65,2B12
N,238,G,29,Q,L,36.52,2B12
Y,239,G,29,Q,L,32.35,2B12
E,240,G,29,Q,L,34.31,2B12
T,241,G,29,Q,L,36.65,2B12
L,242,G,29,Q,L,33.86,2B12
L,243,G,29,Q,L,29.61,2B12
R,244,G,29,Q,L,34.34,2B12
T,245,G,29,Q,L,35.52,2B12
L,246,G,29,Q,L,31.22,2B12
G,247,G,29,Q,L,31.37,2B12
Y,248,G,29,Q,L,25.37,2B12
A,249,G,29,Q,L,30.43,2B12
T,250,G,29,Q,L,26.92,2B12
E,251,G,29,Q,L,26.0,2B12
D,252,G,29,Q,L,21.53,2B12
F,253,G,29,Q,L,25.43,2B12
D,254,G,29,Q,L,26.19,2B12
D,255,G,29,Q,L,22.85,2B12
L,256,G,29,Q,L,20.04,2B12
L,257,G,29,Q,L,24.76,2B12
E,258,G,29,Q,L,24.61,2B12
S,259,G,27,S,L,20.68,2B12
D,260,G,27,S,L,20.65,2B12
S,261,G,29,Q,L,19.13,2B12
I,262,G,29,Q,L,22.43,2B12
T,263,G,27,S,L,21.51,2B12
G,264,G,27,S,L,24.89,2B12
Q,265,G,27,S,L,24.0,2B12
I,266,G,27,S,L,28.25,2B12
I,267,G,27,S,L,28.7,2B12
Y,268,G,27,S,L,32.85,2B12
V,269,G,27,S,L,35.0,2B12
D,270,G,27,S,L,39.13,2B12
L,271,G,27,S,L,41.04,2B12
S,272,G,27,S,L,44.65,2B12
S,273,G,27,S,L,44.74,2B12
Y,274,G,27,S,L,42.2,2B12
Y,275,G,27,S,L,38.8,2B12
I,276,G,27,S,L,34.76,2B12
I,277,G,27,S,L,32.23,2B12
V,278,G,29,Q,L,30.05,2B12
R,279,G,29,Q,L,25.74,2B12
V,280,G,29,Q,L,25.43,2B12
Y,281,G,29,Q,L,21.54,2B12
F,282,G,29,Q,L,21.29,2B12
P,283,G,29,Q,L,18.29,2B12
I,284,G,29,Q,L,15.94,2B12
L,285,G,29,Q,L,15.48,2B12
T,286,G,29,Q,L,11.03,2B12
E,287,G,29,Q,L,11.02,2B12
I,288,G,29,Q,L,8.39,2B12
Q,289,G,27,L,L,9.22,2B12
Q,290,G,27,S,L,9.72,2B12
A,291,G,27,V,L,10.59,2B12
Y,292,G,27,V,L,12.76,2B12
I,293,G,27,V,L,14.17,2B12
Q,294,G,27,V,L,16.57,2B12
E,295,G,27,V,L,19.79,2B12
L,296,D,27,S,L,20.33,2B12
L,297,D,27,S,L,17.5,2B12
P,298,D,27,S,L,14.15,2B12
V,299,D,27,S,L,11.66,2B12
S,300,D,27,S,L,7.5,2B12
F,301,D,27,S,L,8.14,2B12
N,302,D,98,Y,H,3.05,2B12
N,303,D,98,Y,H,4.49,2B12
D,304,D,52,R,H,3.11,2B12
N,305,D,98,Y,H,2.89,2B12
S,306,D,27,H,L,4.61,2B12
E,307,D,27,S,L,2.85,2B12
W,308,D,27,S,L,7.32,2B12
I,309,D,27,S,L,9.89,2B12
S,310,D,27,S,L,13.51,2B12
I,311,D,27,S,L,14.96,2B12
V,312,D,52,S,H,18.74,2B12
P,313,G,27,V,L,17.84,2B12
N,314,D,27,S,L,19.13,2B12
F,315,G,27,V,L,15.74,2B12
I,316,G,27,V,L,13.62,2B12
L,317,G,27,V,L,8.76,2B12
V,318,G,27,V,L,9.76,2B12
R,319,G,27,V,L,4.04,2B12
N,320,G,27,L,L,6.58,2B12
T,321,G,27,Q,L,9.01,2B12
L,322,G,27,V,L,4.27,2B12
I,323,G,27,V,L,9.02,2B12
S,324,G,27,V,L,8.06,2B12
N,325,G,27,V,L,10.44,2B12
I,326,G,27,V,L,12.68,2B12
E,327,G,27,V,L,14.21,2B12
I,328,G,27,V,L,16.88,2B12
G,329,G,27,V,L,19.39,2B12
F,330,G,27,S,L,17.81,2B12
C,331,G,27,V,L,16.34,2B12
L,332,G,27,V,L,20.6,2B12
I,333,G,27,V,L,21.4,2B12
T,334,G,29,Q,L,23.24,2B12
K,335,G,27,V,L,24.63,2B12
R,336,G,29,Q,L,21.14,2B12
S,337,G,29,Q,L,19.57,2B12
V,338,G,29,Q,L,16.69,2B12
I,339,G,29,Q,L,17.73,2B12
C,340,G,27,V,L,15.3,2B12
N,341,G,27,S,L,14.23,2B12
Q,342,G,27,S,L,11.84,2B12
D,343,G,27,V,L,6.41,2B12
Y,344,G,27,V,L,10.77,2B12
A,345,G,27,V,L,7.31,2B12
T,346,G,27,V,L,9.4,2B12
P,347,G,27,V,L,9.79,2B12
M,348,G,27,V,L,11.12,2B12
T,349,G,27,V,L,14.22,2B12
N,350,G,27,V,L,13.85,2B12
N,351,G,27,V,L,17.74,2B12
M,352,G,27,V,L,17.18,2B12
R,353,G,27,V,L,9.89,2B12
E,354,G,27,V,L,17.48,2B12
C,355,D,52,S,H,17.17,2B12
L,356,G,27,V,L,16.27,2B12
T,357,G,27,Q,L,16.66,2B12
G,358,D,52,K,H,14.17,2B12
S,359,D,52,S,H,14.06,2B12
T,360,D,52,S,H,10.58,2B12
E,361,D,52,S,H,10.61,2B12
K,362,D,52,S,H,13.44,2B12
C,363,D,52,S,H,13.71,2B12
P,364,D,52,S,H,15.67,2B12
R,365,D,52,S,H,9.49,2B12
E,366,D,27,S,L,9.83,2B12
L,367,D,27,V,L,7.28,2B12
V,368,D,27,S,L,3.95,2B12
V,369,D,27,V,L,3.86,2B12
S,370,D,27,S,L,3.94,2B12
S,371,D,27,S,L,3.47,2B12
H,372,D,27,S,L,5.6,2B12
V,373,D,27,S,L,6.21,2B12
P,374,D,27,S,L,9.81,2B12
R,375,D,27,S,L,3.3,2B12
F,376,D,28,N,L,11.67,2B12
A,377,D,28,N,L,15.17,2B12
L,378,D,28,N,L,18.71,2B12
S,379,D,28,I,H,21.31,2B12
N,380,D,28,I,H,22.13,2B12
G,381,D,28,I,H,20.54,2B12
V,382,D,28,I,H,16.86,2B12
L,383,D,31,T,H,15.8,2B12
F,384,D,28,N,L,14.46,2B12
A,385,D,28,N,L,11.74,2B12
N,386,D,28,N,L,6.95,2B12
C,387,D,30,K,L,5.88,2B12
I,388,D,30,K,L,3.52,2B12
S,389,D,28,N,L,3.69,2B12
V,390,D,30,K,L,5.22,2B12
T,391,D,30,K,L,4.06,2B12
C,392,D,49,Y,L,6.88,2B12
Q,393,D,53,T,L,7.64,2B12
C,394,D,49,Y,L,10.16,2B12
Q,395,D,56,S,L,12.57,2B12
T,396,D,56,S,L,12.38,2B12
T,397,D,56,S,L,8.23,2B12
G,398,D,56,S,L,6.48,2B12
R,399,D,56,S,L,3.51,2B12
A,400,D,49,Y,L,4.22,2B12
I,401,D,49,Y,L,6.91,2B12
S,402,D,99,Y,H,4.27,2B12
Q,403,D,97,G,H,3.37,2B12
S,404,D,31,T,H,3.53,2B12
G,405,D,97,G,H,3.17,2B12
E,406,D,53,S,H,2.84,2B12
Q,407,D,31,T,H,4.03,2B12
T,408,D,52,S,H,7.58,2B12
L,409,D,31,T,H,8.8,2B12
L,410,D,31,T,H,7.88,2B12
M,411,D,31,T,H,11.4,2B12
I,412,D,32,Y,H,12.89,2B12
D,413,D,28,I,H,13.02,2B12
N,414,D,1,E,H,15.7,2B12
T,415,D,28,I,H,12.07,2B12
T,416,D,28,I,H,9.96,2B12
C,417,D,1,E,H,13.87,2B12
P,418,D,1,E,H,15.31,2B12
T,419,D,56,S,L,15.2,2B12
A,420,D,49,Y,L,14.58,2B12
V,421,D,49,Y,L,11.6,2B12
L,422,D,30,K,L,11.65,2B12
G,423,D,30,K,L,11.03,2B12
N,424,D,30,K,L,13.58,2B12
V,425,D,30,K,L,15.41,2B12
I,426,D,53,T,L,16.8,2B12
I,427,D,30,K,L,17.91,2B12
S,428,D,49,Y,L,20.72,2B12
L,429,D,32,Y,H,17.77,2B12
G,430,D,28,I,H,18.24,2B12
K,431,D,28,I,H,15.61,2B12
Y,432,D,28,I,H,14.24,2B12
L,433,D,28,I,H,17.45,2B12
G,434,D,28,I,H,14.76,2B12
S,435,D,28,I,H,11.38,2B12
V,436,D,28,I,H,8.32,2B12
N,437,D,28,I,H,6.82,2B12
Y,438,D,31,T,H,8.5,2B12
N,439,D,31,T,H,4.78,2B12
S,440,D,28,I,H,3.28,2B12
E,441,D,31,T,H,6.12,2B12
G,442,D,52,S,H,5.09,2B12
I,443,D,52,S,H,4.83,2B12
A,444,D,52,S,H,6.52,2B12
I,445,D,52,S,H,6.72,2B12
G,446,D,52,S,H,9.72,2B12
P,447,D,54,N,H,12.14,2B12
P,448,D,54,N,H,12.21,2B12
V,449,D,27,S,L,14.56,2B12
F,450,D,27,V,L,12.71,2B12
T,451,D,27,S,L,15.93,2B12
D,452,D,27,V,L,16.19,2B12
K,453,D,27,V,L,19.97,2B12
V,454,D,27,V,L,20.39,2B12
D,455,D,27,V,L,15.49,2B12
I,456,D,27,V,L,20.92,2B12
S,457,D,27,V,L,23.45,2B12
S,458,D,27,V,L,21.29,2B12
Q,459,D,27,V,L,19.34,2B12
I,460,D,27,V,L,24.96,2B12
S,461,D,27,V,L,26.75,2B12
S,462,D,27,V,L,23.46,2B12
M,463,D,54,N,H,21.96,2B12
N,464,G,54,N,H,25.44,2B12
Q,465,D,54,N,H,26.63,2B12
S,466,D,54,N,H,22.04,2B12
L,467,G,54,N,H,22.76,2B12
Q,468,G,54,N,H,25.79,2B12
Q,469,D,54,N,H,24.51,2B12
S,470,D,54,N,H,23.59,2B12
K,471,G,54,N,H,21.95,2B12
D,472,G,54,N,H,27.9,2B12
Y,473,D,54,N,H,26.32,2B12
I,474,G,54,N,H,23.75,2B12
I,27,G,27,S,L,48.56,2D3
L,28,G,27,S,L,47.4,2D3
H,29,G,27,S,L,52.53,2D3
Y,30,G,27,S,L,46.6,2D3
E,31,G,27,S,L,54.68,2D3
K,32,G,27,S,L,56.85,2D3
L,33,G,27,S,L,51.73,2D3
S,34,G,27,S,L,54.93,2D3
K,35,G,27,S,L,57.34,2D3
I,36,G,27,S,L,56.1,2D3
G,37,G,27,S,L,53.03,2D3
L,38,G,27,S,L,51.22,2D3
V,39,G,27,S,L,48.12,2D3
K,40,G,27,S,L,46.37,2D3
G,41,G,27,S,L,43.11,2D3
V,42,G,27,S,L,39.01,2D3
T,43,G,27,S,L,37.14,2D3
R,44,G,27,S,L,35.3,2D3
K,45,G,27,S,L,30.03,2D3
Y,46,G,27,S,L,31.31,2D3
K,47,G,27,S,L,26.91,2D3
I,48,G,27,S,L,25.85,2D3
K,49,G,27,S,L,23.74,2D3
S,50,G,27,S,L,21.09,2D3
N,51,G,27,S,L,18.67,2D3
P,52,G,27,S,L,17.4,2D3
L,53,G,27,S,L,13.07,2D3
T,54,G,27,S,L,12.43,2D3
K,55,G,27,S,L,6.56,2D3
D,56,G,28,N,L,10.6,2D3
I,57,G,28,N,L,11.6,2D3
V,58,G,97,L,H,12.72,2D3
I,59,G,98,S,H,15.47,2D3
K,60,G,98,S,H,11.93,2D3
M,61,G,98,S,H,17.67,2D3
I,62,G,98,S,H,15.76,2D3
P,63,G,98,S,H,15.78,2D3
N,64,G,96,H,H,11.34,2D3
V,65,G,96,H,H,16.07,2D3
S,66,G,96,H,H,13.32,2D3
N,67,G,56,S,L,11.82,2D3
M,68,A,52,S,L,13.48,2D3
S,69,A,52,S,L,11.51,2D3
Q,70,A,52,S,L,9.09,2D3
C,71,A,52,S,L,9.61,2D3
T,72,A,52,S,L,9.85,2D3
G,73,A,52,S,L,7.79,2D3
S,74,A,52,S,L,8.93,2D3
V,75,A,52,S,L,11.45,2D3
M,76,A,52,S,L,13.92,2D3
E,77,A,67,S,L,11.69,2D3
N,78,A,29,G,L,9.29,2D3
Y,79,A,29,G,L,14.7,2D3
K,80,A,29,G,L,17.14,2D3
T,81,A,29,G,L,15.24,2D3
R,82,A,29,G,L,16.61,2D3
L,83,A,29,G,L,19.33,2D3
N,84,A,29,G,L,21.19,2D3
G,85,A,29,G,L,21.07,2D3
I,86,A,28,N,L,20.78,2D3
L,87,G,30,T,H,21.75,2D3
T,88,A,29,G,L,24.87,2D3
P,89,A,29,G,L,26.23,2D3
I,90,G,30,T,H,25.43,2D3
K,91,G,30,T,H,19.26,2D3
G,92,G,30,T,H,26.26,2D3
A,93,G,53,V,H,27.94,2D3
L,94,G,53,V,H,22.82,2D3
E,95,G,30,T,H,22.75,2D3
I,96,G,54,G,H,27.36,2D3
Y,97,G,54,G,H,25.4,2D3
K,98,G,54,G,H,19.59,2D3
N,99,G,54,G,H,24.36,2D3
N,100,G,54,G,H,26.22,2D3
T,101,G,54,G,H,22.85,2D3
H,102,G,54,G,H,23.33,2D3
D,103,G,54,G,H,20.48,2D3
C,104,G,54,G,H,25.68,2D3
G,112,G,56,V,H,24.33,2D3
V,113,G,56,V,H,23.72,2D3
C,114,G,54,G,H,26.02,2D3
M,115,G,54,G,H,28.3,2D3
A,116,G,54,G,H,30.34,2D3
G,117,G,54,G,H,33.62,2D3
V,118,G,54,G,H,35.56,2D3
A,119,G,54,G,H,32.58,2D3
I,120,G,54,G,H,31.23,2D3
G,121,G,54,G,H,36.25,2D3
I,122,G,54,G,H,36.58,2D3
A,123,G,54,G,H,35.35,2D3
T,124,G,54,G,H,35.27,2D3
A,125,G,27,S,L,33.28,2D3
A,126,G,27,S,L,30.94,2D3
Q,127,G,54,G,H,30.42,2D3
I,128,G,56,V,H,29.39,2D3
T,129,G,56,V,H,27.58,2D3
A,130,G,54,G,H,25.97,2D3
G,131,G,54,G,H,24.76,2D3
V,132,G,56,V,H,23.21,2D3
A,133,G,56,V,H,21.62,2D3
L,134,G,54,G,H,20.07,2D3
Y,135,G,54,G,H,18.86,2D3
E,136,G,56,V,H,17.06,2D3
A,137,G,54,G,H,15.86,2D3
M,138,G,54,G,H,13.96,2D3
K,139,G,54,G,H,11.61,2D3
N,140,G,56,V,H,11.09,2D3
A,141,G,54,G,H,11.5,2D3
D,142,G,54,G,H,8.64,2D3
N,143,G,54,G,H,6.92,2D3
I,144,G,53,V,H,8.23,2D3
N,145,G,53,V,H,7.95,2D3
K,146,G,54,G,H,3.96,2D3
L,147,G,53,V,H,4.22,2D3
K,148,G,30,T,H,6.01,2D3
S,149,G,31,S,H,4.06,2D3
S,150,G,31,S,H,3.77,2D3
I,151,G,31,S,H,7.31,2D3
E,152,G,31,S,H,8.62,2D3
S,153,G,31,S,H,6.32,2D3
T,154,G,98,S,H,7.39,2D3
N,155,G,98,S,H,8.02,2D3
E,156,G,98,S,H,7.59,2D3
A,157,G,98,S,H,10.87,2D3
V,158,G,98,S,H,7.86,2D3
V,159,G,98,S,H,5.42,2D3
K,160,G,28,N,L,2.68,2D3
L,161,G,97,L,H,4.07,2D3
Q,162,G,95,R,H,3.12,2D3
E,163,G,52,W,H,3.92,2D3
T,164,G,52,W,H,4.1,2D3
A,165,G,27,H,L,3.11,2D3
E,166,G,27,H,L,4.54,2D3
K,167,G,27,H,L,5.5,2D3
T,168,G,28,N,L,3.41,2D3
V,169,G,28,N,L,6.79,2D3
Y,170,G,28,N,L,3.7,2D3
V,171,G,98,S,H,9.02,2D3
F,172,G,28,N,L,10.24,2D3
T,173,G,98,S,H,11.65,2D3
A,174,G,98,S,H,16.04,2D3
L,175,G,98,S,H,17.45,2D3
Q,176,G,98,S,H,12.77,2D3
D,177,G,53,N,L,14.65,2D3
Y,178,G,98,S,H,18.36,2D3
I,179,G,98,S,H,17.7,2D3
N,180,G,49,Y,L,12.62,2D3
T,181,G,53,N,L,15.82,2D3
N,182,A,53,N,L,19.03,2D3
L,183,A,53,N,L,15.97,2D3
V,184,G,56,S,L,15.06,2D3
P,185,A,60,N,L,16.82,2D3
T,186,A,54,R,L,14.45,2D3
I,187,A,54,R,L,11.28,2D3
D,188,A,60,N,L,9.15,2D3
K,189,A,60,N,L,12.16,2D3
I,190,A,54,R,L,10.27,2D3
P,191,A,49,Y,L,7.8,2D3
C,192,A,53,N,L,7.08,2D3
K,193,A,53,N,L,3.46,2D3
Q,194,A,53,N,L,7.72,2D3
T,195,A,53,N,L,10.02,2D3
E,196,A,52,S,L,7.05,2D3
L,197,A,53,N,L,9.93,2D3
S,198,A,53,N,L,12.43,2D3
L,199,A,53,N,L,14.07,2D3
D,200,A,30,D,L,10.83,2D3
L,201,A,30,D,L,14.3,2D3
A,202,A,30,D,L,17.37,2D3
L,203,A,30,D,L,17.15,2D3
S,204,A,28,N,L,14.51,2D3
K,205,A,28,N,L,18.59,2D3
Y,206,A,28,N,L,21.15,2D3
L,207,A,28,N,L,18.06,2D3
S,208,A,28,N,L,18.79,2D3
D,209,A,28,N,L,23.03,2D3
L,210,A,28,N,L,24.4,2D3
L,211,A,28,N,L,20.19,2D3
F,212,A,28,N,L,24.46,2D3
V,213,G,28,N,L,26.81,2D3
F,214,G,28,N,L,23.77,2D3
G,215,A,28,N,L,25.8,2D3
P,216,A,28,N,L,25.01,2D3
N,217,A,28,N,L,27.86,2D3
L,218,G,28,N,L,28.24,2D3
Q,219,A,28,N,L,32.83,2D3
D,220,G,28,N,L,30.15,2D3
P,221,G,28,N,L,26.94,2D3
V,222,G,54,G,H,28.07,2D3
S,223,G,28,N,L,25.61,2D3
N,224,G,27,S,L,24.15,2D3
S,225,G,27,S,L,26.39,2D3
M,226,G,28,N,L,22.98,2D3
T,227,G,28,N,L,22.0,2D3
I,228,G,28,N,L,16.93,2D3
Q,229,G,28,N,L,20.99,2D3
A,230,G,28,N,L,23.12,2D3
I,231,G,28,N,L,19.74,2D3
S,232,G,28,N,L,19.09,2D3
Q,233,G,28,N,L,21.87,2D3
A,234,G,98,S,H,20.05,2D3
F,235,G,28,N,L,15.07,2D3
G,236,G,28,N,L,21.0,2D3
G,237,G,28,N,L,20.18,2D3
N,238,G,28,N,L,15.82,2D3
Y,239,G,28,N,L,14.54,2D3
E,240,G,28,N,L,12.54,2D3
T,241,G,28,N,L,10.29,2D3
L,242,G,28,N,L,10.03,2D3
L,243,G,28,N,L,9.74,2D3
R,244,G,28,N,L,6.93,2D3
T,245,G,28,N,L,5.06,2D3
L,246,G,27,S,L,6.48,2D3
G,247,G,28,N,L,6.98,2D3
Y,248,G,27,S,L,8.97,2D3
A,249,G,27,S,L,10.64,2D3
T,250,G,27,S,L,13.67,2D3
E,251,G,27,S,L,16.91,2D3
D,252,G,27,S,L,18.97,2D3
F,253,G,28,N,L,14.96,2D3
D,254,G,27,S,L,19.69,2D3
D,255,G,27,S,L,22.12,2D3
L,256,G,27,S,L,18.56,2D3
L,257,G,28,N,L,18.97,2D3
E,258,G,28,N,L,23.16,2D3
S,259,G,27,S,L,24.71,2D3
D,260,G,27,S,L,24.3,2D3
S,261,G,27,S,L,21.3,2D3
I,262,G,27,S,L,17.58,2D3
T,263,G,27,S,L,19.15,2D3
G,264,G,28,N,L,20.15,2D3
Q,265,G,28,N,L,20.12,2D3
I,266,G,28,N,L,22.05,2D3
I,267,G,54,G,H,17.47,2D3
Y,268,G,30,T,H,14.65,2D3
V,269,G,30,T,H,18.1,2D3
D,270,G,30,T,H,13.99,2D3
L,271,G,30,T,H,17.82,2D3
S,272,G,30,T,H,14.13,2D3
S,273,G,30,T,H,11.98,2D3
Y,274,G,30,T,H,16.3,2D3
Y,275,G,30,T,H,11.19,2D3
I,276,G,97,L,H,16.92,2D3
I,277,G,53,V,H,14.06,2D3
V,278,G,28,N,L,15.37,2D3
R,279,G,28,N,L,16.69,2D3
V,280,G,28,N,L,14.95,2D3
Y,281,G,27,S,L,16.76,2D3
F,282,G,27,S,L,12.42,2D3
P,283,G,27,S,L,17.84,2D3
I,284,G,27,S,L,17.87,2D3
L,285,G,27,S,L,21.62,2D3
T,286,G,27,S,L,24.78,2D3
E,287,G,27,S,L,27.6,2D3
I,288,G,27,S,L,30.99,2D3
Q,289,G,27,S,L,31.93,2D3
Q,290,G,27,S,L,36.66,2D3
A,291,G,27,S,L,36.18,2D3
Y,292,G,27,S,L,37.73,2D3
I,293,G,27,S,L,36.06,2D3
Q,294,G,27,S,L,40.91,2D3
E,295,G,27,S,L,40.65,2D3
L,296,G,27,S,L,45.11,2D3
L,297,G,27,S,L,45.11,2D3
P,298,G,27,S,L,48.3,2D3
V,299,G,27,S,L,52.68,2D3
S,300,G,27,S,L,55.7,2D3
F,301,G,27,S,L,58.86,2D3
N,302,G,27,S,L,62.49,2D3
N,303,G,27,S,L,65.41,2D3
D,304,G,27,S,L,68.64,2D3
N,305,G,28,N,L,68.44,2D3
S,306,G,27,S,L,64.83,2D3
E,307,G,28,N,L,59.21,2D3
W,308,G,27,S,L,58.45,2D3
I,309,G,28,N,L,54.48,2D3
S,310,G,27,S,L,53.15,2D3
I,311,G,27,S,L,52.95,2D3
V,312,G,27,S,L,49.19,2D3
P,313,G,27,S,L,46.73,2D3
N,314,G,27,S,L,43.9,2D3
F,315,G,27,S,L,39.44,2D3
I,316,G,27,S,L,41.62,2D3
L,317,G,27,S,L,38.12,2D3
V,318,G,27,S,L,40.25,2D3
R,319,G,27,S,L,37.14,2D3
N,320,G,27,S,L,40.65,2D3
T,321,G,27,S,L,44.5,2D3
L,322,G,27,S,L,44.12,2D3
I,323,G,27,S,L,45.81,2D3
S,324,G,27,S,L,42.49,2D3
N,325,G,27,S,L,41.39,2D3
I,326,G,27,S,L,37.19,2D3
E,327,G,27,S,L,36.65,2D3
I,328,G,27,S,L,35.82,2D3
G,329,G,28,N,L,35.12,2D3
F,330,G,27,S,L,31.75,2D3
C,331,G,27,S,L,31.75,2D3
L,332,G,27,S,L,27.12,2D3
I,333,G,27,S,L,31.74,2D3
T,334,G,27,S,L,29.0,2D3
K,335,G,27,S,L,32.3,2D3
R,336,G,27,S,L,31.5,2D3
S,337,G,27,S,L,29.9,2D3
V,338,G,27,S,L,30.57,2D3
I,339,G,27,S,L,26.11,2D3
C,340,G,27,S,L,27.64,2D3
N,341,G,27,S,L,26.87,2D3
Q,342,G,27,S,L,29.55,2D3
D,343,G,27,S,L,32.44,2D3
Y,344,G,27,S,L,32.31,2D3
A,345,G,27,S,L,37.92,2D3
T,346,G,27,S,L,41.46,2D3
P,347,G,27,S,L,44.78,2D3
M,348,G,27,S,L,47.58,2D3
T,349,G,27,S,L,51.07,2D3
N,350,G,27,S,L,54.07,2D3
N,351,G,27,S,L,55.65,2D3
M,352,G,27,S,L,51.65,2D3
R,353,G,27,S,L,49.35,2D3
E,354,G,27,S,L,54.9,2D3
C,355,G,27,S,L,54.74,2D3
L,356,G,27,S,L,49.37,2D3
T,357,G,27,S,L,53.1,2D3
G,358,G,27,S,L,56.07,2D3
S,359,G,27,S,L,58.38,2D3
T,360,G,27,S,L,59.12,2D3
E,361,G,27,S,L,61.7,2D3
K,362,G,27,S,L,58.35,2D3
C,363,G,27,S,L,57.08,2D3
P,364,G,27,S,L,56.85,2D3
R,365,G,27,S,L,58.91,2D3
E,366,G,28,N,L,55.97,2D3
L,367,G,28,N,L,59.33,2D3
V,368,G,28,N,L,57.99,2D3
V,369,G,28,N,L,60.0,2D3
S,370,G,28,N,L,55.74,2D3
S,371,G,28,N,L,56.64,2D3
H,372,G,28,N,L,49.83,2D3
V,373,G,28,N,L,53.6,2D3
P,374,G,28,N,L,51.39,2D3
R,375,G,28,N,L,54.58,2D3
F,376,G,27,S,L,51.96,2D3
A,377,G,27,S,L,50.51,2D3
L,378,G,27,S,L,48.04,2D3
S,379,G,27,S,L,48.72,2D3
N,380,G,27,S,L,46.48,2D3
G,381,G,27,S,L,49.62,2D3
V,382,G,27,S,L,52.13,2D3
L,383,G,27,S,L,54.26,2D3
F,384,G,27,S,L,53.33,2D3
A,385,G,27,S,L,57.29,2D3
N,386,G,27,S,L,59.03,2D3
C,387,G,27,S,L,61.92,2D3
I,388,G,27,S,L,64.08,2D3
S,389,G,28,N,L,61.7,2D3
V,390,G,28,N,L,59.09,2D3
T,391,G,28,N,L,61.69,2D3
C,392,G,27,S,L,61.64,2D3
Q,393,G,29,G,L,62.36,2D3
C,394,G,27,S,L,64.0,2D3
Q,395,G,67,S,L,59.78,2D3
T,396,G,67,S,L,63.27,2D3
T,397,G,29,G,L,67.08,2D3
G,398,G,29,G,L,67.95,2D3
R,399,G,29,G,L,67.58,2D3
A,400,G,27,S,L,67.97,2D3
I,401,G,27,S,L,63.39,2D3
S,402,G,27,S,L,67.82,2D3
Q,403,G,27,S,L,63.72,2D3
S,404,G,27,S,L,68.63,2D3
G,405,G,27,S,L,69.91,2D3
E,406,G,27,S,L,68.2,2D3
Q,407,G,27,S,L,65.47,2D3
T,408,G,27,S,L,61.99,2D3
L,409,G,27,S,L,57.36,2D3
L,410,G,27,S,L,59.17,2D3
M,411,G,27,S,L,58.02,2D3
I,412,G,27,S,L,57.18,2D3
D,413,G,27,S,L,58.01,2D3
N,414,G,27,S,L,57.46,2D3
T,415,G,27,S,L,61.09,2D3
T,416,G,27,S,L,63.16,2D3
C,417,G,27,S,L,60.12,2D3
P,418,G,27,S,L,58.11,2D3
T,419,G,29,G,L,58.07,2D3
A,420,G,29,G,L,57.76,2D3
V,421,G,29,G,L,59.29,2D3
L,422,G,27,S,L,55.91,2D3
G,423,G,29,G,L,58.19,2D3
N,424,G,28,N,L,53.93,2D3
V,425,G,29,G,L,52.35,2D3
I,426,G,29,G,L,53.68,2D3
I,427,G,27,S,L,51.3,2D3
S,428,G,27,S,L,53.11,2D3
L,429,G,27,S,L,54.78,2D3
G,430,G,27,S,L,54.1,2D3
K,431,G,27,S,L,54.4,2D3
Y,432,G,27,S,L,55.36,2D3
L,433,G,27,S,L,52.0,2D3
G,434,G,27,S,L,56.62,2D3
S,435,G,27,S,L,59.53,2D3
V,436,G,27,S,L,62.58,2D3
N,437,G,27,S,L,64.55,2D3
Y,438,G,27,S,L,58.03,2D3
N,439,G,27,S,L,63.17,2D3
S,440,G,27,S,L,66.64,2D3
E,441,G,27,S,L,64.42,2D3
G,442,G,27,S,L,65.82,2D3
I,443,G,27,S,L,61.25,2D3
A,444,G,27,S,L,63.17,2D3
I,445,G,27,S,L,62.42,2D3
G,446,G,27,S,L,62.47,2D3
P,447,G,27,S,L,61.6,2D3
P,448,G,27,S,L,62.26,2D3
V,449,G,27,S,L,58.33,2D3
F,450,G,28,N,L,58.38,2D3
T,451,G,28,N,L,54.44,2D3
D,452,A,28,N,L,52.33,2D3
K,453,A,27,S,L,47.27,2D3
V,454,A,27,S,L,50.36,2D3
D,455,A,27,S,L,54.65,2D3
I,456,A,27,S,L,55.35,2D3
S,457,A,27,S,L,52.68,2D3
S,458,A,27,S,L,56.53,2D3
Q,459,A,27,S,L,59.17,2D3
I,460,A,27,S,L,57.08,2D3
S,461,A,27,S,L,57.6,2D3
S,462,A,27,S,L,61.76,2D3
M,463,A,27,S,L,62.77,2D3
N,464,A,27,S,L,61.74,2D3
Q,465,A,27,S,L,62.59,2D3
S,466,A,27,S,L,66.96,2D3
L,467,A,27,S,L,67.07,2D3
Q,468,A,27,S,L,65.96,2D3
Q,469,A,27,S,L,69.87,2D3
S,470,A,27,S,L,72.31,2D3
K,471,A,27,S,L,68.91,2D3
D,472,A,27,S,L,71.53,2D3
Y,473,A,27,S,L,75.82,2D3
I,474,A,27,S,L,76.42,2D3
K,475,A,27,S,L,73.88,2D3
I,27,A,100,Y,H,63.59,4H3
L,28,A,100,Y,H,60.89,4H3
H,29,A,100,Y,H,66.5,4H3
Y,30,A,100,Y,H,61.65,4H3
E,31,A,100,Y,H,69.08,4H3
K,32,A,100,Y,H,69.57,4H3
L,33,A,100,Y,H,64.34,4H3
S,34,A,100,Y,H,67.81,4H3
K,35,A,100,Y,H,69.87,4H3
I,36,A,100,Y,H,67.02,4H3
G,37,A,100,Y,H,63.75,4H3
L,38,A,100,Y,H,61.75,4H3
V,39,A,100,Y,H,60.69,4H3
K,40,A,100,Y,H,60.26,4H3
G,41,A,100,Y,H,57.54,4H3
V,42,A,100,Y,H,53.96,4H3
T,43,A,100,Y,H,53.42,4H3
R,44,A,100,Y,H,49.41,4H3
K,45,A,100,Y,H,47.73,4H3
Y,46,A,100,Y,H,44.98,4H3
K,47,A,100,Y,H,42.46,4H3
I,48,A,100,Y,H,40.1,4H3
K,49,A,100,Y,H,32.58,4H3
S,50,A,100,Y,H,36.05,4H3
N,51,A,100,Y,H,34.35,4H3
P,52,A,100,Y,H,31.2,4H3
L,53,A,100,Y,H,27.87,4H3
T,54,A,100,Y,H,25.2,4H3
K,55,A,100,Y,H,21.52,4H3
D,56,A,100,Y,H,18.23,4H3
I,57,A,100,Y,H,14.92,4H3
V,58,A,100,Y,H,10.3,4H3
I,59,A,100,Y,H,9.19,4H3
K,60,A,100,Y,H,3.84,4H3
M,61,A,100,Y,H,7.24,4H3
I,62,A,100,Y,H,3.45,4H3
P,63,A,98,D,H,4.81,4H3
N,64,A,98,D,H,3.67,4H3
V,65,A,98,D,H,3.92,4H3
S,66,A,97,Y,H,3.82,4H3
N,67,A,31,N,H,4.3,4H3
M,68,A,31,N,H,6.08,4H3
S,69,A,97,Y,H,3.47,4H3
Q,70,A,52,T,H,2.37,4H3
C,71,A,52,N,H,4.0,4H3
T,72,A,97,Y,H,4.11,4H3
G,73,A,100,Y,H,4.54,4H3
S,74,A,100,Y,H,6.2,4H3
V,75,A,97,Y,H,6.94,4H3
M,76,A,97,Y,H,3.72,4H3
E,77,A,32,Y,L,2.81,4H3
N,78,A,32,Y,L,7.47,4H3
Y,79,A,99,G,H,8.18,4H3
K,80,A,99,G,H,2.62,4H3
T,81,A,32,Y,L,6.58,4H3
R,82,A,32,Y,L,10.64,4H3
L,83,A,100,Y,H,9.12,4H3
N,84,A,29,S,L,9.33,4H3
G,85,A,29,S,L,12.85,4H3
I,86,A,100,Y,H,15.56,4H3
L,87,A,100,Y,H,10.22,4H3
T,88,A,29,S,L,12.83,4H3
P,89,A,29,S,L,17.29,4H3
I,90,A,100,Y,H,16.96,4H3
K,91,A,30,S,L,13.78,4H3
G,92,A,30,S,L,17.69,4H3
A,93,A,30,S,L,20.46,4H3
L,94,A,100,Y,H,18.47,4H3
E,95,A,30,S,L,17.12,4H3
I,96,A,30,S,L,22.28,4H3
Y,97,A,30,S,L,24.7,4H3
K,98,A,100,Y,H,19.25,4H3
N,99,A,67,S,L,19.86,4H3
N,100,A,67,S,L,25.16,4H3
T,101,A,52,S,L,26.05,4H3
H,102,A,52,S,L,27.49,4H3
D,103,A,52,S,L,28.97,4H3
C,104,A,52,S,L,32.31,4H3
G,112,A,53,N,L,34.07,4H3
V,113,A,53,N,L,31.68,4H3
C,114,A,52,S,L,31.2,4H3
M,115,A,100,Y,H,31.74,4H3
A,116,A,67,S,L,29.94,4H3
G,117,A,67,S,L,32.65,4H3
V,118,A,67,S,L,30.45,4H3
A,119,A,67,S,L,27.32,4H3
I,120,A,67,S,L,29.15,4H3
G,121,A,67,S,L,31.06,4H3
I,122,A,67,S,L,32.09,4H3
A,123,A,67,S,L,33.72,4H3
T,124,A,100,Y,H,34.69,4H3
A,125,A,100,Y,H,35.29,4H3
A,126,A,100,Y,H,32.04,4H3
Q,127,A,100,Y,H,30.61,4H3
I,128,A,100,Y,H,32.13,4H3
T,129,A,100,Y,H,31.08,4H3
A,130,A,100,Y,H,27.46,4H3
G,131,A,100,Y,H,27.91,4H3
V,132,A,100,Y,H,28.72,4H3
A,133,A,100,Y,H,25.87,4H3
L,134,A,100,Y,H,22.04,4H3
Y,135,A,53,N,L,25.89,4H3
E,136,A,100,Y,H,25.71,4H3
A,137,A,100,Y,H,21.35,4H3
M,138,A,53,N,L,20.35,4H3
K,139,A,53,N,L,20.64,4H3
N,140,A,100,Y,H,18.73,4H3
A,141,A,100,Y,H,16.33,4H3
D,142,A,53,N,L,15.36,4H3
N,143,A,53,N,L,15.91,4H3
I,144,A,100,Y,H,13.42,4H3
N,145,A,53,N,L,10.65,4H3
K,146,A,53,N,L,11.24,4H3
L,147,A,100,Y,H,10.33,4H3
K,148,A,53,N,L,6.53,4H3
S,149,A,53,N,L,7.98,4H3
S,150,A,100,Y,H,8.9,4H3
I,151,A,100,Y,H,6.25,4H3
E,152,A,100,Y,H,3.89,4H3
S,153,A,100,Y,H,6.11,4H3
T,154,A,100,Y,H,7.57,4H3
N,155,A,98,D,H,8.9,4H3
E,156,A,98,D,H,11.42,4H3
A,157,A,100,Y,H,13.42,4H3
V,158,A,100,Y,H,14.74,4H3
V,159,A,100,Y,H,12.66,4H3
K,160,A,100,Y,H,16.02,4H3
L,161,A,100,Y,H,12.18,4H3
Q,162,A,100,Y,H,17.67,4H3
E,163,A,100,Y,H,18.39,4H3
T,164,A,100,Y,H,20.96,4H3
A,165,A,53,N,L,24.25,4H3
E,166,A,100,Y,H,25.35,4H3
K,167,A,100,Y,H,21.43,4H3
T,168,A,100,Y,H,19.27,4H3
V,169,A,100,Y,H,15.19,4H3
Y,170,A,100,Y,H,14.15,4H3
V,171,A,100,Y,H,9.69,4H3
F,172,A,100,Y,H,10.2,4H3
T,173,A,100,Y,H,8.73,4H3
A,174,A,100,Y,H,10.47,4H3
L,175,A,98,D,H,11.66,4H3
Q,176,A,98,D,H,8.23,4H3
D,177,A,98,D,H,13.6,4H3
Y,178,A,98,D,H,14.14,4H3
I,179,A,98,D,H,9.15,4H3
N,180,A,98,D,H,10.82,4H3
T,181,A,31,N,H,13.93,4H3
N,182,A,53,L,H,12.74,4H3
L,183,A,53,L,H,9.44,4H3
V,184,A,31,N,H,7.48,4H3
P,185,A,53,L,H,9.57,4H3
T,186,A,53,L,H,8.54,4H3
I,187,A,53,L,H,4.78,4H3
D,188,A,53,L,H,5.33,4H3
K,189,A,53,L,H,7.7,4H3
I,190,A,54,N,H,6.03,4H3
P,191,A,54,N,H,5.3,4H3
C,192,A,54,N,H,4.25,4H3
K,193,A,54,N,H,6.43,4H3
Q,194,A,54,N,H,9.08,4H3
T,195,A,53,L,H,8.25,4H3
E,196,A,52,N,H,7.48,4H3
L,197,A,54,N,H,12.63,4H3
S,198,A,53,L,H,14.16,4H3
L,199,A,97,Y,H,8.47,4H3
D,200,A,97,Y,H,12.54,4H3
L,201,A,97,Y,H,15.02,4H3
A,202,A,97,Y,H,15.19,4H3
L,203,A,97,Y,H,9.7,4H3
S,204,A,97,Y,H,15.05,4H3
K,205,A,97,Y,H,17.71,4H3
Y,206,A,100,Y,H,12.64,4H3
L,207,A,99,G,H,14.02,4H3
S,208,A,99,G,H,19.02,4H3
D,209,A,100,Y,H,19.98,4H3
L,210,A,100,Y,H,14.43,4H3
L,211,A,100,Y,H,19.83,4H3
F,212,A,100,Y,H,22.33,4H3
V,213,A,100,Y,H,21.31,4H3
F,214,A,100,Y,H,17.07,4H3
G,215,A,100,Y,H,20.67,4H3
P,216,A,100,Y,H,23.02,4H3
N,217,A,100,Y,H,24.89,4H3
L,218,A,100,Y,H,20.39,4H3
Q,219,A,100,Y,H,25.41,4H3
D,220,A,100,Y,H,25.2,4H3
P,221,A,100,Y,H,21.75,4H3
V,222,A,100,Y,H,24.57,4H3
S,223,A,100,Y,H,25.18,4H3
N,224,A,100,Y,H,26.56,4H3
S,225,A,100,Y,H,27.66,4H3
M,226,A,100,Y,H,22.02,4H3
T,227,A,100,Y,H,23.88,4H3
I,228,A,100,Y,H,22.4,4H3
Q,229,A,100,Y,H,23.01,4H3
A,230,A,100,Y,H,20.85,4H3
I,231,A,100,Y,H,17.98,4H3
S,232,A,100,Y,H,18.53,4H3
Q,233,A,100,Y,H,17.36,4H3
A,234,A,100,Y,H,13.72,4H3
F,235,A,100,Y,H,14.61,4H3
G,236,A,100,Y,H,17.22,4H3
G,237,A,100,Y,H,19.88,4H3
N,238,A,100,Y,H,20.64,4H3
Y,239,A,100,Y,H,22.31,4H3
E,240,A,100,Y,H,23.92,4H3
T,241,A,100,Y,H,20.09,4H3
L,242,A,100,Y,H,17.78,4H3
L,243,A,100,Y,H,23.01,4H3
R,244,A,100,Y,H,24.61,4H3
T,245,A,100,Y,H,20.49,4H3
L,246,A,100,Y,H,21.16,4H3
G,247,A,100,Y,H,25.73,4H3
Y,248,A,100,Y,H,28.28,4H3
A,249,A,100,Y,H,31.57,4H3
T,250,A,100,Y,H,33.5,4H3
E,251,A,100,Y,H,37.01,4H3
D,252,A,100,Y,H,35.74,4H3
F,253,A,100,Y,H,29.25,4H3
D,254,A,100,Y,H,34.82,4H3
D,255,A,100,Y,H,36.0,4H3
L,256,A,100,Y,H,32.84,4H3
L,257,A,100,Y,H,28.79,4H3
E,258,A,100,Y,H,33.2,4H3
S,259,A,100,Y,H,34.32,4H3
D,260,A,100,Y,H,31.5,4H3
S,261,A,100,Y,H,30.91,4H3
I,262,A,100,Y,H,26.86,4H3
T,263,A,100,Y,H,24.85,4H3
G,264,A,100,Y,H,22.79,4H3
Q,265,A,100,Y,H,19.78,4H3
I,266,A,100,Y,H,16.73,4H3
I,267,A,100,Y,H,17.47,4H3
Y,268,A,50,R,L,12.14,4H3
V,269,A,100,Y,H,11.95,4H3
D,270,A,50,R,L,8.1,4H3
L,271,A,100,Y,H,7.85,4H3
S,272,A,100,Y,H,4.19,4H3
S,273,A,100,Y,H,3.29,4H3
Y,274,A,100,Y,H,4.6,4H3
Y,275,A,100,Y,H,6.47,4H3
I,276,A,100,Y,H,9.95,4H3
I,277,A,100,Y,H,13.19,4H3
V,278,A,100,Y,H,16.03,4H3
R,279,A,100,Y,H,19.56,4H3
V,280,A,100,Y,H,21.37,4H3
Y,281,A,100,Y,H,25.58,4H3
F,282,A,100,Y,H,25.84,4H3
P,283,A,100,Y,H,31.4,4H3
I,284,A,100,Y,H,35.36,4H3
L,285,A,100,Y,H,38.26,4H3
T,286,A,100,Y,H,41.34,4H3
E,287,A,100,Y,H,44.89,4H3
I,288,A,100,Y,H,45.85,4H3
Q,289,A,100,Y,H,50.29,4H3
Q,290,A,100,Y,H,53.64,4H3
A,291,A,100,Y,H,51.69,4H3
Y,292,A,100,Y,H,53.07,4H3
I,293,A,100,Y,H,48.93,4H3
Q,294,A,100,Y,H,54.56,4H3
E,295,A,100,Y,H,53.03,4H3
L,296,A,100,Y,H,57.02,4H3
L,297,A,100,Y,H,57.14,4H3
P,298,A,100,Y,H,58.44,4H3
V,299,A,100,Y,H,62.9,4H3
S,300,A,100,Y,H,65.06,4H3
F,301,A,100,Y,H,68.13,4H3
N,302,A,100,Y,H,71.8,4H3
N,303,A,100,Y,H,73.93,4H3
D,304,A,100,Y,H,76.02,4H3
N,305,A,100,Y,H,75.14,4H3
S,306,A,100,Y,H,71.92,4H3
E,307,A,100,Y,H,67.88,4H3
W,308,A,100,Y,H,66.66,4H3
I,309,A,100,Y,H,61.53,4H3
S,310,A,100,Y,H,61.32,4H3
I,311,A,100,Y,H,59.42,4H3
V,312,A,100,Y,H,57.51,4H3
P,313,A,100,Y,H,55.68,4H3
N,314,A,100,Y,H,54.26,4H3
F,315,A,100,Y,H,50.41,4H3
I,316,A,100,Y,H,54.14,4H3
L,317,A,100,Y,H,50.43,4H3
V,318,A,100,Y,H,54.67,4H3
R,319,A,100,Y,H,49.63,4H3
N,320,A,100,Y,H,55.56,4H3
T,321,A,100,Y,H,59.28,4H3
L,322,A,100,Y,H,56.96,4H3
I,323,A,100,Y,H,56.84,4H3
S,324,A,100,Y,H,53.04,4H3
N,325,A,100,Y,H,50.77,4H3
I,326,A,100,Y,H,47.28,4H3
E,327,A,100,Y,H,44.33,4H3
I,328,A,100,Y,H,43.74,4H3
G,329,A,100,Y,H,40.94,4H3
F,330,A,100,Y,H,39.03,4H3
C,331,A,100,Y,H,40.96,4H3
L,332,A,100,Y,H,39.1,4H3
I,333,A,100,Y,H,42.99,4H3
T,334,A,100,Y,H,42.92,4H3
K,335,A,100,Y,H,46.95,4H3
R,336,A,100,Y,H,48.28,4H3
S,337,A,100,Y,H,45.2,4H3
V,338,A,100,Y,H,43.81,4H3
I,339,A,100,Y,H,39.17,4H3
C,340,A,100,Y,H,39.25,4H3
N,341,A,100,Y,H,34.95,4H3
Q,342,A,100,Y,H,36.44,4H3
D,343,A,100,Y,H,42.05,4H3
Y,344,A,100,Y,H,38.63,4H3
A,345,A,100,Y,H,47.04,4H3
T,346,A,100,Y,H,48.49,4H3
P,347,A,100,Y,H,52.07,4H3
M,348,A,100,Y,H,56.04,4H3
T,349,A,100,Y,H,58.87,4H3
N,350,A,100,Y,H,62.32,4H3
N,351,A,100,Y,H,64.38,4H3
M,352,A,100,Y,H,60.62,4H3
R,353,A,100,Y,H,59.09,4H3
E,354,A,100,Y,H,65.29,4H3
C,355,A,100,Y,H,65.87,4H3
L,356,A,100,Y,H,60.55,4H3
T,357,A,100,Y,H,66.04,4H3
G,358,A,100,Y,H,68.67,4H3
S,359,A,100,Y,H,69.25,4H3
T,360,A,100,Y,H,70.46,4H3
E,361,A,100,Y,H,70.9,4H3
K,362,A,100,Y,H,66.85,4H3
C,363,A,100,Y,H,64.89,4H3
P,364,A,100,Y,H,64.07,4H3
R,365,A,100,Y,H,65.82,4H3
E,366,A,100,Y,H,61.06,4H3
L,367,A,100,Y,H,64.63,4H3
V,368,A,100,Y,H,64.89,4H3
V,369,A,100,Y,H,64.89,4H3
S,370,A,100,Y,H,60.94,4H3
S,371,A,100,Y,H,63.26,4H3
H,372,A,100,Y,H,59.66,4H3
V,373,A,100,Y,H,61.57,4H3
P,374,A,100,Y,H,60.38,4H3
R,375,A,100,Y,H,64.25,4H3
F,376,A,100,Y,H,63.41,4H3
A,377,A,100,Y,H,63.08,4H3
L,378,A,100,Y,H,62.41,4H3
S,379,A,100,Y,H,63.73,4H3
N,380,A,100,Y,H,63.51,4H3
G,381,A,100,Y,H,66.26,4H3
V,382,A,100,Y,H,67.33,4H3
L,383,A,100,Y,H,67.71,4H3
F,384,A,100,Y,H,67.57,4H3
A,385,A,100,Y,H,69.8,4H3
N,386,A,100,Y,H,70.41,4H3
C,387,A,100,Y,H,73.25,4H3
I,388,A,100,Y,H,74.31,4H3
S,389,A,100,Y,H,70.11,4H3
V,390,A,100,Y,H,69.98,4H3
T,391,A,100,Y,H,72.99,4H3
C,392,A,100,Y,H,73.92,4H3
Q,393,A,100,Y,H,76.43,4H3
C,394,A,100,Y,H,78.42,4H3
Q,395,A,100,Y,H,76.75,4H3
T,396,A,100,Y,H,79.28,4H3
T,397,A,100,Y,H,82.18,4H3
G,398,A,100,Y,H,82.39,4H3
R,399,A,100,Y,H,80.99,4H3
A,400,A,100,Y,H,80.99,4H3
I,401,A,100,Y,H,77.38,4H3
S,402,A,100,Y,H,80.35,4H3
Q,403,A,100,Y,H,75.19,4H3
S,404,A,100,Y,H,79.54,4H3
G,405,A,100,Y,H,79.75,4H3
E,406,A,100,Y,H,79.35,4H3
Q,407,A,100,Y,H,76.4,4H3
T,408,A,100,Y,H,72.7,4H3
L,409,A,100,Y,H,69.15,4H3
L,410,A,100,Y,H,72.46,4H3
M,411,A,100,Y,H,73.14,4H3
I,412,A,100,Y,H,72.56,4H3
D,413,A,100,Y,H,74.5,4H3
N,414,A,100,Y,H,75.56,4H3
T,415,A,100,Y,H,78.14,4H3
T,416,A,100,Y,H,78.93,4H3
C,417,A,100,Y,H,76.36,4H3
P,418,A,100,Y,H,74.55,4H3
T,419,A,100,Y,H,74.33,4H3
A,420,A,100,Y,H,72.16,4H3
V,421,A,100,Y,H,72.26,4H3
L,422,A,100,Y,H,68.66,4H3
G,423,A,100,Y,H,70.23,4H3
N,424,A,100,Y,H,65.77,4H3
V,425,A,100,Y,H,66.18,4H3
I,426,A,100,Y,H,68.58,4H3
I,427,A,100,Y,H,66.58,4H3
S,428,A,100,Y,H,69.35,4H3
L,429,A,100,Y,H,70.26,4H3
G,430,A,100,Y,H,71.24,4H3
K,431,A,100,Y,H,71.9,4H3
Y,432,A,100,Y,H,71.21,4H3
L,433,A,100,Y,H,70.6,4H3
G,434,A,100,Y,H,74.24,4H3
S,435,A,100,Y,H,76.2,4H3
V,436,A,100,Y,H,79.37,4H3
N,437,A,100,Y,H,79.93,4H3
Y,438,A,100,Y,H,71.73,4H3
N,439,A,100,Y,H,77.0,4H3
S,440,A,100,Y,H,80.85,4H3
E,441,A,100,Y,H,78.28,4H3
G,442,A,100,Y,H,78.04,4H3
I,443,A,100,Y,H,72.87,4H3
A,444,A,100,Y,H,73.31,4H3
I,445,A,100,Y,H,72.72,4H3
G,446,A,100,Y,H,71.07,4H3
P,447,A,100,Y,H,68.35,4H3
P,448,A,100,Y,H,67.67,4H3
V,449,A,100,Y,H,63.69,4H3
F,450,A,100,Y,H,61.53,4H3
T,451,A,100,Y,H,57.12,4H3
D,452,A,100,Y,H,57.52,4H3
K,453,A,100,Y,H,51.6,4H3
V,454,A,100,Y,H,57.27,4H3
D,455,A,100,Y,H,59.94,4H3
I,456,A,100,Y,H,58.2,4H3
S,457,A,100,Y,H,58.05,4H3
S,458,A,100,Y,H,62.26,4H3
Q,459,A,100,Y,H,63.06,4H3
I,460,A,100,Y,H,60.39,4H3
S,461,A,100,Y,H,64.29,4H3
S,462,A,100,Y,H,67.7,4H3
M,463,A,100,Y,H,65.85,4H3
N,464,A,100,Y,H,67.46,4H3
Q,465,A,100,Y,H,70.52,4H3
S,466,A,100,Y,H,73.0,4H3
L,467,A,100,Y,H,70.46,4H3
Q,468,A,29,S,L,72.08,4H3
Q,469,A,100,Y,H,75.87,4H3
S,470,A,100,Y,H,77.72,4H3
K,471,A,67,S,L,72.68,4H3
D,472,A,27,S,L,77.36,4H3
Y,473,A,100,Y,H,81.61,4H3
I,474,A,100,Y,H,79.51,4H3
K,475,A,67,S,L,78.01,4H3
I,27,A,54,G,H,53.32,12B2
L,28,A,54,G,H,52.47,12B2
H,29,A,54,G,H,58.03,12B2
Y,30,A,56,S,H,51.82,12B2
E,31,A,56,S,H,59.55,12B2
K,32,A,56,S,H,61.47,12B2
L,33,A,54,G,H,56.52,12B2
S,34,A,56,S,H,58.54,12B2
K,35,A,56,S,H,61.17,12B2
I,36,A,54,G,H,59.96,12B2
G,37,A,56,S,H,56.32,12B2
L,38,A,54,G,H,55.27,12B2
V,39,A,56,S,H,52.39,12B2
K,40,A,56,S,H,51.23,12B2
G,41,A,56,S,H,47.89,12B2
V,42,A,56,S,H,43.06,12B2
T,43,A,56,S,H,43.03,12B2
R,44,A,56,S,H,40.37,12B2
K,45,A,56,S,H,38.94,12B2
Y,46,A,54,G,H,38.37,12B2
K,47,A,56,S,H,32.45,12B2
I,48,A,54,G,H,33.06,12B2
K,49,A,54,G,H,29.59,12B2
S,50,A,54,G,H,28.93,12B2
N,51,A,54,G,H,27.14,12B2
P,52,A,54,G,H,24.61,12B2
L,53,A,54,G,H,21.35,12B2
T,54,A,74,S,H,17.97,12B2
K,55,A,54,G,H,14.75,12B2
D,56,A,54,G,H,13.1,12B2
I,57,A,54,G,H,11.36,12B2
V,58,A,30,A,H,10.57,12B2
I,59,A,30,A,H,12.92,12B2
K,60,A,30,A,H,7.53,12B2
M,61,A,30,A,H,14.0,12B2
I,62,A,101,Y,H,10.55,12B2
P,63,A,101,Y,H,7.96,12B2
N,64,A,101,Y,H,4.15,12B2
V,65,A,101,Y,H,5.78,12B2
S,66,A,101,Y,H,5.38,12B2
N,67,A,101,Y,H,3.75,12B2
M,68,B,92,Y,L,4.83,12B2
S,69,B,92,Y,L,5.31,12B2
Q,70,B,27,E,L,3.58,12B2
C,71,B,92,Y,L,3.52,12B2
T,72,B,92,Y,L,7.77,12B2
G,73,B,58,N,H,6.5,12B2
S,74,B,58,N,H,7.18,12B2
V,75,B,58,N,H,9.49,12B2
M,76,A,101,Y,H,11.38,12B2
E,77,B,58,N,H,10.51,12B2
N,78,B,56,S,H,10.19,12B2
Y,79,A,101,Y,H,14.89,12B2
K,80,A,101,Y,H,14.69,12B2
T,81,B,58,N,H,16.99,12B2
R,82,B,56,S,H,17.64,12B2
L,83,A,101,Y,H,17.17,12B2
N,84,A,101,Y,H,21.57,12B2
G,85,B,56,S,H,23.15,12B2
I,86,B,56,S,H,22.46,12B2
L,87,A,30,A,H,18.92,12B2
T,88,A,30,A,H,24.1,12B2
P,89,A,30,A,H,26.7,12B2
I,90,A,30,A,H,23.83,12B2
K,91,A,74,S,H,21.53,12B2
G,92,A,30,A,H,26.44,12B2
A,93,A,74,S,H,27.81,12B2
L,94,A,74,S,H,22.78,12B2
E,95,A,74,S,H,24.54,12B2
I,96,A,74,S,H,27.93,12B2
Y,97,A,74,S,H,26.6,12B2
K,98,A,74,S,H,19.94,12B2
N,99,A,74,S,H,25.09,12B2
N,100,A,74,S,H,27.82,12B2
T,101,A,74,S,H,25.14,12B2
H,102,A,74,S,H,26.05,12B2
D,103,A,74,S,H,22.36,12B2
L,104,A,74,S,H,27.63,12B2
G,112,A,74,S,H,26.92,12B2
V,113,A,74,S,H,25.32,12B2
I,114,A,74,S,H,28.88,12B2
M,115,A,74,S,H,29.95,12B2
A,116,A,74,S,H,32.05,12B2
G,117,A,74,S,H,35.0,12B2
V,118,A,74,S,H,37.09,12B2
A,119,A,74,S,H,34.07,12B2
I,120,A,74,S,H,31.43,12B2
G,121,A,74,S,H,36.85,12B2
I,122,A,74,S,H,36.6,12B2
A,123,A,74,S,H,35.39,12B2
T,124,A,74,S,H,35.39,12B2
A,125,A,74,S,H,34.03,12B2
A,126,A,74,S,H,31.52,12B2
Q,127,A,74,S,H,30.4,12B2
I,128,A,74,S,H,30.2,12B2
T,129,A,74,S,H,28.09,12B2
A,130,A,74,S,H,25.98,12B2
G,131,A,74,S,H,25.47,12B2
V,132,A,74,S,H,23.92,12B2
A,133,A,74,S,H,21.72,12B2
L,134,A,74,S,H,20.51,12B2
Y,135,A,74,S,H,19.9,12B2
E,136,A,74,S,H,18.02,12B2
A,137,A,74,S,H,15.89,12B2
M,138,A,74,S,H,14.79,12B2
K,139,A,74,S,H,12.84,12B2
N,140,A,74,S,H,10.84,12B2
A,141,A,74,S,H,11.17,12B2
D,142,A,74,S,H,9.51,12B2
N,143,A,74,S,H,6.4,12B2
I,144,A,74,S,H,7.66,12B2
N,145,A,74,S,H,8.48,12B2
K,146,A,74,S,H,5.71,12B2
L,147,A,73,N,H,3.12,12B2
K,148,A,73,N,H,7.41,12B2
S,149,A,28,S,H,4.51,12B2
S,150,A,30,A,H,3.08,12B2
I,151,A,30,A,H,5.16,12B2
E,152,A,31,S,H,6.07,12B2
S,153,A,31,S,H,2.7,12B2
T,154,A,30,A,H,3.39,12B2
N,155,A,31,S,H,2.95,12B2
E,156,A,53,T,H,3.65,12B2
A,157,A,101,Y,H,7.25,12B2
V,158,A,54,G,H,3.56,12B2
V,159,A,53,T,H,3.52,12B2
K,160,A,71,R,H,2.82,12B2
L,161,A,73,N,H,3.47,12B2
Q,162,A,73,N,H,2.87,12B2
E,163,A,74,S,H,2.76,12B2
T,164,A,72,D,H,4.79,12B2
A,165,A,71,R,H,5.32,12B2
E,166,A,71,R,H,7.74,12B2
K,167,A,74,S,H,7.16,12B2
T,168,A,70,N,H,7.32,12B2
V,169,A,73,N,H,7.07,12B2
Y,170,A,54,G,H,5.61,12B2
V,171,A,30,A,H,6.98,12B2
L,172,A,54,G,H,9.43,12B2
T,173,A,30,A,H,7.96,12B2
A,174,A,101,Y,H,10.47,12B2
L,175,A,101,Y,H,8.97,12B2
Q,176,A,101,Y,H,4.17,12B2
D,177,A,101,Y,H,8.04,12B2
Y,178,A,101,Y,H,9.23,12B2
I,179,A,101,Y,H,5.69,12B2
N,180,A,101,Y,H,3.14,12B2
T,181,A,101,Y,H,7.49,12B2
N,182,A,103,Y,H,9.05,12B2
L,183,B,32,Y,L,7.7,12B2
V,184,A,101,Y,H,4.31,12B2
P,185,A,103,Y,H,4.75,12B2
T,186,B,32,Y,L,4.99,12B2
I,187,B,32,Y,L,2.44,12B2
D,188,B,31,S,L,2.63,12B2
K,189,B,103,Y,H,2.79,12B2
I,190,B,32,Y,L,2.86,12B2
S,191,B,101,Y,H,2.73,12B2
C,192,B,92,Y,L,2.85,12B2
K,193,B,52,W,H,2.51,12B2
Q,194,B,101,Y,H,3.91,12B2
T,195,B,32,Y,L,5.09,12B2
E,196,B,58,N,H,5.76,12B2
L,197,B,56,S,H,5.94,12B2
S,198,B,101,Y,H,9.37,12B2
L,199,A,101,Y,H,10.51,12B2
D,200,B,56,S,H,9.46,12B2
L,201,B,54,G,H,10.82,12B2
A,202,A,101,Y,H,13.94,12B2
L,203,A,101,Y,H,13.11,12B2
S,204,B,56,S,H,13.8,12B2
K,205,B,56,S,H,17.47,12B2
Y,206,A,101,Y,H,16.53,12B2
L,207,B,56,S,H,18.25,12B2
S,208,B,54,G,H,18.72,12B2
D,209,A,101,Y,H,22.07,12B2
L,210,A,101,Y,H,20.31,12B2
L,211,B,56,S,H,22.09,12B2
F,212,B,54,G,H,25.19,12B2
V,213,A,54,G,H,25.11,12B2
F,214,A,30,A,H,21.41,12B2
G,215,A,30,A,H,27.11,12B2
P,216,B,56,S,H,27.72,12B2
N,217,B,54,G,H,30.65,12B2
L,218,A,30,A,H,25.92,12B2
Q,219,A,30,A,H,31.58,12B2
D,220,A,30,A,H,29.75,12B2
P,221,A,74,S,H,25.94,12B2
V,222,A,74,S,H,26.9,12B2
S,223,A,54,G,H,28.33,12B2
N,224,A,74,S,H,26.65,12B2
S,225,A,54,G,H,28.08,12B2
M,226,A,54,G,H,24.46,12B2
T,227,A,54,G,H,23.6,12B2
I,228,A,54,G,H,18.75,12B2
Q,229,A,54,G,H,22.31,12B2
A,230,A,54,G,H,22.6,12B2
I,231,A,54,G,H,19.32,12B2
S,232,A,54,G,H,18.35,12B2
Q,233,A,101,Y,H,19.37,12B2
A,234,A,30,A,H,16.49,12B2
F,235,A,54,G,H,11.43,12B2
G,236,A,101,Y,H,17.2,12B2
G,237,A,54,G,H,19.13,12B2
N,238,A,54,G,H,14.97,12B2
Y,239,A,54,G,H,16.21,12B2
E,240,A,54,G,H,14.45,12B2
T,241,A,54,G,H,10.76,12B2
L,242,A,54,G,H,12.5,12B2
L,243,A,54,G,H,13.82,12B2
R,244,A,56,S,H,10.83,12B2
T,245,A,54,G,H,8.35,12B2
L,246,A,54,G,H,11.37,12B2
G,247,A,54,G,H,12.78,12B2
Y,248,A,54,G,H,15.77,12B2
A,249,A,54,G,H,19.43,12B2
T,250,A,56,S,H,20.7,12B2
E,251,A,56,S,H,23.74,12B2
D,252,A,56,S,H,25.5,12B2
F,253,A,54,G,H,19.07,12B2
D,254,A,56,S,H,23.08,12B2
D,255,A,56,S,H,26.87,12B2
L,256,A,54,G,H,24.63,12B2
L,257,A,54,G,H,21.59,12B2
E,258,A,54,G,H,26.25,12B2
S,259,A,54,G,H,29.06,12B2
D,260,A,54,G,H,27.59,12B2
S,261,A,54,G,H,25.96,12B2
I,262,A,54,G,H,21.06,12B2
T,263,A,54,G,H,21.98,12B2
G,264,A,54,G,H,22.02,12B2
Q,265,A,74,S,H,21.16,12B2
I,266,A,30,A,H,20.93,12B2
I,267,A,74,S,H,17.89,12B2
Y,268,A,74,S,H,15.27,12B2
V,269,A,30,A,H,18.25,12B2
D,270,A,30,A,H,14.55,12B2
L,271,A,30,A,H,18.16,12B2
S,272,A,31,S,H,15.24,12B2
S,273,A,30,A,H,12.6,12B2
Y,274,A,30,A,H,14.43,12B2
Y,275,A,30,A,H,11.7,12B2
I,276,A,30,A,H,14.48,12B2
I,277,A,74,S,H,13.19,12B2
V,278,A,54,G,H,16.92,12B2
R,279,A,74,S,H,16.5,12B2
V,280,A,54,G,H,17.27,12B2
Y,281,A,54,G,H,21.01,12B2
F,282,A,54,G,H,17.24,12B2
P,283,A,54,G,H,24.57,12B2
I,284,A,54,G,H,26.58,12B2
L,285,A,54,G,H,29.28,12B2
T,286,A,54,G,H,32.66,12B2
E,287,A,54,G,H,35.77,12B2
I,288,A,54,G,H,39.01,12B2
Q,289,A,54,G,H,41.75,12B2
Q,290,A,54,G,H,44.4,12B2
A,291,A,54,G,H,42.78,12B2
Y,292,A,54,G,H,44.21,12B2
I,293,A,54,G,H,41.69,12B2
Q,294,A,54,G,H,46.46,12B2
E,295,A,56,S,H,44.29,12B2
L,296,A,54,G,H,49.32,12B2
L,297,A,56,S,H,48.41,12B2
P,298,A,54,G,H,51.21,12B2
V,299,A,56,S,H,55.49,12B2
S,300,A,56,S,H,58.02,12B2
F,301,A,56,S,H,61.45,12B2
N,302,A,56,S,H,64.96,12B2
N,303,A,54,G,H,67.73,12B2
D,304,A,54,G,H,70.95,12B2
D,305,B,101,Y,H,67.95,12B2
S,306,B,101,Y,H,66.0,12B2
E,307,B,101,Y,H,60.77,12B2
W,308,A,54,G,H,60.95,12B2
I,309,A,54,G,H,56.57,12B2
S,310,A,54,G,H,56.12,12B2
I,311,A,54,G,H,55.56,12B2
V,312,A,54,G,H,52.56,12B2
P,313,A,54,G,H,50.41,12B2
N,314,A,54,G,H,48.09,12B2
F,315,A,54,G,H,43.44,12B2
I,316,A,54,G,H,47.19,12B2
L,317,A,54,G,H,44.1,12B2
V,318,A,54,G,H,46.83,12B2
R,319,A,54,G,H,43.69,12B2
N,320,A,54,G,H,48.8,12B2
T,321,A,54,G,H,52.26,12B2
L,322,A,54,G,H,50.67,12B2
I,323,A,54,G,H,51.82,12B2
S,324,A,54,G,H,48.22,12B2
N,325,A,54,G,H,46.23,12B2
I,326,A,54,G,H,41.41,12B2
E,327,A,54,G,H,40.15,12B2
I,328,A,54,G,H,38.93,12B2
G,329,A,54,G,H,37.74,12B2
F,330,A,54,G,H,34.83,12B2
C,331,A,54,G,H,35.35,12B2
L,332,A,54,G,H,30.98,12B2
I,333,A,54,G,H,35.73,12B2
T,334,A,56,S,H,33.37,12B2
K,335,A,56,S,H,36.51,12B2
R,336,A,56,S,H,36.87,12B2
S,337,A,56,S,H,34.97,12B2
V,338,A,54,G,H,36.18,12B2
I,339,A,54,G,H,31.47,12B2
C,340,A,54,G,H,32.94,12B2
N,341,A,54,G,H,31.04,12B2
Q,342,A,54,G,H,34.06,12B2
D,343,A,54,G,H,37.37,12B2
Y,344,A,54,G,H,35.29,12B2
A,345,A,54,G,H,42.53,12B2
T,346,A,54,G,H,45.5,12B2
P,347,A,54,G,H,49.21,12B2
M,348,A,54,G,H,52.18,12B2
T,349,A,54,G,H,55.52,12B2
N,350,A,54,G,H,58.83,12B2
N,351,A,54,G,H,60.18,12B2
M,352,A,54,G,H,55.69,12B2
R,353,A,54,G,H,54.51,12B2
E,354,A,54,G,H,59.98,12B2
C,355,A,54,G,H,59.22,12B2
L,356,A,54,G,H,54.28,12B2
T,357,A,54,G,H,58.67,12B2
G,358,A,54,G,H,61.51,12B2
S,359,A,54,G,H,63.69,12B2
T,360,A,54,G,H,63.21,12B2
E,361,A,54,G,H,66.11,12B2
K,362,A,54,G,H,62.25,12B2
C,363,A,54,G,H,60.87,12B2
P,364,A,54,G,H,59.49,12B2
R,365,A,54,G,H,61.5,12B2
E,366,A,54,G,H,56.98,12B2
L,367,B,101,Y,H,59.88,12B2
V,368,B,101,Y,H,58.63,12B2
V,369,B,101,Y,H,56.97,12B2
S,370,B,101,Y,H,53.04,12B2
S,371,B,101,Y,H,53.09,12B2
H,372,B,101,Y,H,49.62,12B2
V,373,B,101,Y,H,54.72,12B2
P,374,A,56,S,H,52.54,12B2
R,375,A,56,S,H,56.24,12B2
F,376,A,56,S,H,53.92,12B2
A,377,A,56,S,H,53.31,12B2
L,378,A,56,S,H,50.89,12B2
S,379,A,56,S,H,52.32,12B2
N,380,A,56,S,H,50.43,12B2
G,381,A,56,S,H,52.93,12B2
V,382,A,56,S,H,55.35,12B2
L,383,A,56,S,H,56.33,12B2
F,384,A,56,S,H,57.09,12B2
A,385,A,56,S,H,60.0,12B2
N,386,A,56,S,H,61.38,12B2
C,387,A,56,S,H,64.02,12B2
I,388,B,101,Y,H,65.9,12B2
S,389,B,101,Y,H,61.74,12B2
V,390,A,56,S,H,60.1,12B2
T,391,A,92,Y,L,62.33,12B2
C,392,A,56,S,H,63.06,12B2
Q,393,A,92,Y,L,63.56,12B2
C,394,A,92,Y,L,64.83,12B2
Q,395,A,92,Y,L,60.32,12B2
T,396,A,64,M,H,63.26,12B2
T,397,A,92,Y,L,67.25,12B2
G,398,A,92,Y,L,67.91,12B2
R,399,A,92,Y,L,68.23,12B2
A,400,A,92,Y,L,69.25,12B2
I,401,A,56,S,H,64.87,12B2
S,402,A,56,S,H,69.63,12B2
Q,403,A,56,S,H,66.05,12B2
S,404,A,56,S,H,71.17,12B2
G,405,A,56,S,H,72.41,12B2
E,406,A,56,S,H,71.35,12B2
Q,407,A,56,S,H,68.33,12B2
T,408,A,56,S,H,64.75,12B2
L,409,A,56,S,H,60.03,12B2
L,410,A,56,S,H,62.13,12B2
M,411,A,56,S,H,61.67,12B2
I,412,A,56,S,H,60.18,12B2
D,413,A,56,S,H,61.25,12B2
N,414,A,64,M,H,59.8,12B2
T,415,A,56,S,H,64.76,12B2
T,416,A,56,S,H,66.38,12B2
C,417,A,56,S,H,62.38,12B2
P,418,A,64,M,H,59.57,12B2
T,419,A,64,M,H,59.21,12B2
A,420,A,56,S,H,59.01,12B2
V,421,A,92,Y,L,59.52,12B2
L,422,A,92,Y,L,57.31,12B2
G,423,A,92,Y,L,57.96,12B2
N,424,A,30,Y,L,52.87,12B2
V,425,A,92,Y,L,53.17,12B2
I,426,A,92,Y,L,54.67,12B2
I,427,A,56,S,H,54.56,12B2
S,428,A,56,S,H,54.91,12B2
L,429,A,56,S,H,56.86,12B2
G,430,A,56,S,H,56.97,12B2
K,431,A,56,S,H,58.27,12B2
Y,432,A,56,S,H,59.82,12B2
L,433,A,56,S,H,57.08,12B2
G,434,A,56,S,H,61.46,12B2
S,435,A,56,S,H,64.53,12B2
V,436,A,56,S,H,67.21,12B2
N,437,A,56,S,H,68.92,12B2
Y,438,A,56,S,H,61.76,12B2
N,439,A,56,S,H,65.98,12B2
S,440,A,56,S,H,70.35,12B2
E,441,A,56,S,H,70.4,12B2
G,442,A,56,S,H,68.59,12B2
I,443,A,54,G,H,65.97,12B2
A,444,A,54,G,H,66.64,12B2
I,445,A,54,G,H,66.35,12B2
G,446,A,54,G,H,66.1,12B2
P,447,A,54,G,H,64.35,12B2
P,448,A,54,G,H,64.29,12B2
V,449,A,54,G,H,60.18,12B2
F,450,B,54,G,H,58.78,12B2
T,451,B,54,G,H,54.76,12B2
D,452,B,54,G,H,51.96,12B2
K,453,B,54,G,H,47.23,12B2
V,454,B,54,G,H,51.22,12B2
D,455,B,54,G,H,55.28,12B2
I,456,B,54,G,H,56.31,12B2
S,457,B,54,G,H,54.32,12B2
S,458,B,54,G,H,57.78,12B2
Q,459,B,54,G,H,59.95,12B2
I,460,B,54,G,H,59.1,12B2
S,461,B,54,G,H,60.92,12B2
S,462,B,54,G,H,63.43,12B2
M,463,B,54,G,H,65.62,12B2
N,464,B,54,G,H,64.77,12B2
Q,465,B,54,G,H,65.28,12B2
S,466,B,54,G,H,69.61,12B2
L,467,B,54,G,H,69.48,12B2
Q,468,B,54,G,H,69.07,12B2
Q,469,B,54,G,H,72.54,12B2
S,470,B,54,G,H,75.23,12B2
K,471,B,54,G,H,72.05,12B2
D,472,B,54,G,H,76.67,12B2
Y,473,B,54,G,H,77.49,12B2
I,474,B,54,G,H,80.6,12B2
K,475,B,54,G,H,78.6,12B2
E,476,B,54,G,H,81.21,12B2
A,477,B,54,G,H,84.73,12B2
Q,478,B,54,G,H,82.54,12B2
R,479,B,54,G,H,86.08,12B2
L,480,B,54,G,H,88.29,12B2
L,481,A,54,G,H,89.68,12B2
I,27,A,55,G,H,20.0,1F2
L,28,A,55,G,H,21.11,1F2
H,29,A,55,G,H,25.5,1F2
Y,30,A,55,G,H,21.24,1F2
E,31,G,53,F,H,26.54,1F2
K,32,G,53,F,H,25.81,1F2
L,33,G,53,F,H,22.96,1F2
S,34,G,53,F,H,21.13,1F2
K,35,G,53,F,H,21.26,1F2
I,36,G,53,F,H,19.55,1F2
G,37,G,53,F,H,18.24,1F2
L,38,G,53,F,H,20.39,1F2
V,39,G,53,F,H,19.44,1F2
K,40,A,64,K,H,22.14,1F2
G,41,A,64,K,H,21.56,1F2
V,42,A,64,K,H,18.48,1F2
T,43,A,64,K,H,15.44,1F2
R,44,A,55,G,H,13.5,1F2
K,45,A,64,K,H,7.84,1F2
Y,46,A,55,G,H,7.57,1F2
K,47,A,54,I,H,6.85,1F2
I,48,A,54,I,H,4.27,1F2
K,49,A,54,I,H,4.57,1F2
S,50,A,52,N,H,3.56,1F2
N,51,A,95,E,H,3.39,1F2
P,52,A,98,Y,H,2.79,1F2
L,53,A,98,Y,H,3.44,1F2
T,54,A,32,Y,L,3.34,1F2
K,55,A,32,Y,L,3.99,1F2
D,56,A,50,Y,L,6.86,1F2
I,57,A,50,Y,L,10.19,1F2
V,58,A,50,Y,L,13.29,1F2
I,59,A,50,Y,L,16.65,1F2
K,60,A,50,Y,L,19.87,1F2
M,61,A,98,Y,H,22.29,1F2
I,62,A,50,Y,L,25.73,1F2
P,63,A,50,Y,L,27.78,1F2
N,64,A,31,N,L,26.81,1F2
V,65,A,31,N,L,30.79,1F2
S,66,A,31,N,L,30.64,1F2
N,67,A,67,S,L,31.42,1F2
M,68,A,30,S,L,34.85,1F2
S,69,A,31,N,L,36.34,1F2
Q,70,A,31,N,L,39.25,1F2
C,71,A,31,N,L,41.42,1F2
T,72,A,31,N,L,37.27,1F2
G,73,A,31,N,L,41.44,1F2
S,74,A,50,Y,L,40.53,1F2
V,75,A,50,Y,L,37.16,1F2
M,76,A,50,Y,L,32.99,1F2
E,77,A,53,R,L,36.41,1F2
N,78,A,98,Y,H,36.18,1F2
Y,79,A,50,Y,L,29.11,1F2
K,80,A,53,R,L,31.67,1F2
T,81,A,98,Y,H,33.25,1F2
R,82,A,98,Y,H,31.14,1F2
L,83,A,98,Y,H,27.74,1F2
N,84,A,98,Y,H,28.12,1F2
G,85,A,98,Y,H,28.47,1F2
I,86,A,98,Y,H,24.93,1F2
L,87,A,98,Y,H,23.23,1F2
T,88,A,98,Y,H,23.76,1F2
P,89,A,98,Y,H,21.76,1F2
I,90,A,98,Y,H,18.53,1F2
K,91,A,98,Y,H,20.14,1F2
G,92,A,98,Y,H,21.04,1F2
A,93,A,98,Y,H,17.54,1F2
L,94,A,98,Y,H,14.21,1F2
E,95,A,98,Y,H,18.38,1F2
I,96,A,98,Y,H,17.79,1F2
Y,97,A,98,Y,H,13.35,1F2
K,98,A,98,Y,H,14.45,1F2
N,99,A,98,Y,H,18.1,1F2
N,100,A,98,Y,H,17.01,1F2
T,101,A,98,Y,H,13.05,1F2
H,102,A,56,S,L,14.6,1F2
D,103,A,56,S,L,10.23,1F2
C,104,A,56,S,L,12.41,1F2
V,105,A,56,S,L,11.54,1F2
G,106,A,56,S,L,13.7,1F2
A,111,A,56,S,L,6.62,1F2
G,112,A,32,Y,H,9.26,1F2
V,113,A,97,D,H,9.61,1F2
C,114,A,32,Y,H,13.44,1F2
M,115,A,98,Y,H,11.64,1F2
A,116,A,98,Y,H,18.24,1F2
G,117,A,98,Y,H,20.09,1F2
V,118,A,98,Y,H,22.45,1F2
A,119,A,98,Y,H,21.99,1F2
I,120,A,98,Y,H,16.82,1F2
G,121,A,98,Y,H,21.65,1F2
I,122,A,98,Y,H,19.46,1F2
A,123,A,98,Y,H,16.83,1F2
T,124,A,53,F,H,13.94,1F2
A,125,A,53,F,H,10.41,1F2
A,126,A,98,Y,H,9.6,1F2
Q,127,A,98,Y,H,10.64,1F2
I,128,A,98,Y,H,9.11,1F2
T,129,A,98,Y,H,5.83,1F2
A,130,A,98,Y,H,7.21,1F2
G,131,A,98,Y,H,8.55,1F2
V,132,A,98,Y,H,6.31,1F2
A,133,A,98,Y,H,3.83,1F2
L,134,A,98,Y,H,6.83,1F2
Y,135,A,98,Y,H,8.6,1F2
E,136,A,98,Y,H,5.22,1F2
A,137,A,98,Y,H,7.1,1F2
M,138,A,98,Y,H,9.88,1F2
K,139,A,53,R,L,7.38,1F2
N,140,A,53,R,L,4.39,1F2
A,141,A,53,R,L,8.53,1F2
D,142,A,53,R,L,10.39,1F2
N,143,A,53,R,L,7.13,1F2
I,144,A,53,R,L,9.37,1F2
N,145,A,53,R,L,12.96,1F2
K,146,A,52,S,L,12.3,1F2
L,147,A,31,N,L,13.09,1F2
K,148,A,53,R,L,18.24,1F2
S,149,A,53,R,L,20.89,1F2
S,150,A,31,N,L,17.98,1F2
I,151,A,53,R,L,16.8,1F2
E,152,A,31,N,L,21.61,1F2
S,153,A,31,N,L,22.66,1F2
T,154,A,31,N,L,19.05,1F2
N,155,A,31,N,L,22.91,1F2
E,156,A,28,D,L,20.99,1F2
A,157,A,30,S,L,18.93,1F2
V,158,A,30,S,L,14.52,1F2
V,159,A,31,N,L,14.18,1F2
K,160,A,28,D,L,7.55,1F2
L,161,A,31,N,L,10.0,1F2
Q,162,A,31,N,L,7.33,1F2
E,163,A,31,N,L,10.68,1F2
T,164,A,67,S,L,7.49,1F2
A,165,A,67,S,L,3.97,1F2
E,166,A,31,N,L,3.29,1F2
K,167,A,31,N,L,5.31,1F2
T,168,A,31,N,L,5.06,1F2
V,169,A,31,N,L,8.65,1F2
Y,170,A,30,S,L,8.26,1F2
V,171,A,31,N,L,14.58,1F2
F,172,A,30,S,L,13.5,1F2
T,173,A,30,S,L,20.4,1F2
A,174,A,50,Y,L,23.61,1F2
L,175,A,30,S,L,25.8,1F2
Q,176,A,30,S,L,24.72,1F2
D,177,A,28,D,L,24.41,1F2
Y,178,A,30,S,L,27.81,1F2
I,179,A,30,S,L,29.83,1F2
N,180,A,28,D,L,26.02,1F2
T,181,A,28,D,L,27.86,1F2
N,182,A,30,S,L,31.93,1F2
L,183,A,30,S,L,34.27,1F2
V,184,A,28,D,L,33.0,1F2
P,185,A,28,D,L,33.54,1F2
T,186,A,28,D,L,37.49,1F2
I,187,A,28,D,L,39.15,1F2
D,188,A,28,D,L,41.17,1F2
K,189,A,28,D,L,40.33,1F2
I,190,G,28,D,L,40.24,1F2
P,191,G,28,D,L,43.35,1F2
C,192,A,30,S,L,43.58,1F2
K,193,G,28,D,L,45.04,1F2
Q,194,G,28,D,L,40.06,1F2
T,195,A,30,S,L,39.65,1F2
E,196,A,30,S,L,40.65,1F2
L,197,A,30,S,L,40.67,1F2
S,198,A,30,S,L,37.45,1F2
L,199,A,30,S,L,34.63,1F2
D,200,A,50,Y,L,37.78,1F2
L,201,A,32,Y,L,36.71,1F2
A,202,A,32,Y,L,33.41,1F2
L,203,A,50,Y,L,32.32,1F2
S,204,A,98,Y,H,34.75,1F2
K,205,A,32,Y,L,32.49,1F2
Y,206,A,32,Y,L,25.49,1F2
L,207,A,98,Y,H,30.47,1F2
S,208,A,98,Y,H,30.83,1F2
D,209,A,98,Y,H,27.31,1F2
L,210,A,98,Y,H,24.77,1F2
L,211,A,98,Y,H,26.91,1F2
F,212,A,98,Y,H,24.8,1F2
V,213,A,98,Y,H,20.84,1F2
F,214,A,98,Y,H,19.49,1F2
G,215,A,98,Y,H,23.69,1F2
P,216,A,98,Y,H,24.67,1F2
N,217,A,98,Y,H,21.96,1F2
L,218,A,98,Y,H,17.75,1F2
Q,219,A,98,Y,H,19.47,1F2
D,220,A,98,Y,H,15.13,1F2
P,221,A,98,Y,H,12.92,1F2
V,222,A,98,Y,H,11.39,1F2
S,223,A,98,Y,H,9.66,1F2
N,224,A,98,Y,H,5.44,1F2
S,225,A,98,Y,H,10.59,1F2
M,226,A,98,Y,H,12.72,1F2
T,227,A,98,Y,H,14.96,1F2
I,228,A,32,Y,L,13.66,1F2
Q,229,A,98,Y,H,18.1,1F2
A,230,A,98,Y,H,19.28,1F2
I,231,A,98,Y,H,14.31,1F2
S,232,A,32,Y,L,19.0,1F2
Q,233,A,32,Y,L,21.61,1F2
A,234,A,32,Y,L,21.7,1F2
F,235,A,30,S,L,18.95,1F2
G,236,A,32,Y,L,23.41,1F2
G,237,A,32,Y,L,22.15,1F2
N,238,A,30,S,L,18.52,1F2
Y,239,A,32,Y,L,15.63,1F2
E,240,A,30,S,L,14.57,1F2
T,241,A,30,S,L,13.19,1F2
L,242,A,30,S,L,11.32,1F2
L,243,A,30,S,L,10.0,1F2
R,244,A,30,S,L,9.41,1F2
T,245,A,30,S,L,7.68,1F2
L,246,A,30,S,L,5.35,1F2
G,247,A,30,S,L,5.64,1F2
Y,248,A,32,Y,L,5.04,1F2
A,249,A,93,T,L,5.41,1F2
T,250,A,93,T,L,6.52,1F2
E,251,A,58,R,H,4.27,1F2
D,252,A,58,R,H,5.08,1F2
F,253,A,58,R,H,10.45,1F2
D,254,A,58,R,H,12.86,1F2
D,255,A,58,R,H,10.7,1F2
L,256,A,58,R,H,8.45,1F2
L,257,A,58,R,H,13.42,1F2
E,258,A,58,R,H,15.46,1F2
S,259,A,58,R,H,12.77,1F2
D,260,A,54,I,H,13.72,1F2
S,261,A,54,I,H,11.13,1F2
I,262,A,100,W,H,11.92,1F2
T,263,A,98,Y,H,8.95,1F2
G,264,A,98,Y,H,10.5,1F2
Q,265,A,98,Y,H,6.5,1F2
I,266,A,98,Y,H,11.91,1F2
I,267,A,98,Y,H,10.2,1F2
Y,268,A,98,Y,H,14.86,1F2
V,269,A,98,Y,H,18.35,1F2
D,270,A,53,R,L,20.52,1F2
L,271,A,53,R,L,23.69,1F2
S,272,A,53,R,L,25.34,1F2
S,273,A,53,R,L,23.1,1F2
Y,274,A,53,R,L,23.03,1F2
Y,275,A,53,R,L,17.47,1F2
I,276,A,50,Y,L,16.65,1F2
I,277,A,53,R,L,12.1,1F2
V,278,A,50,Y,L,11.16,1F2
R,279,A,98,Y,H,4.49,1F2
V,280,A,32,Y,L,7.15,1F2
Y,281,A,98,Y,H,3.92,1F2
F,282,A,100,W,H,5.34,1F2
P,283,A,100,W,H,5.82,1F2
I,284,A,100,W,H,3.61,1F2
L,285,A,58,R,H,2.86,1F2
T,286,A,54,I,H,3.85,1F2
E,287,A,57,T,H,3.34,1F2
I,288,A,55,G,H,3.8,1F2
Q,289,A,57,T,H,3.6,1F2
Q,290,A,55,G,H,6.92,1F2
A,291,A,55,G,H,7.81,1F2
Y,292,A,55,G,H,10.86,1F2
I,293,A,54,I,H,12.87,1F2
Q,294,A,55,G,H,16.97,1F2
E,295,A,55,G,H,20.31,1F2
L,296,G,53,F,H,20.7,1F2
L,297,G,53,F,H,18.06,1F2
P,298,G,53,F,H,14.46,1F2
V,299,G,53,F,H,14.07,1F2
S,300,G,53,F,H,11.36,1F2
F,301,G,53,F,H,14.85,1F2
N,302,G,73,K,H,13.94,1F2
N,303,G,73,K,H,17.14,1F2
D,304,G,74,S,H,14.72,1F2
N,305,G,73,K,H,11.87,1F2
S,306,G,73,K,H,12.89,1F2
E,307,G,53,F,H,9.25,1F2
W,308,G,53,F,H,15.06,1F2
I,309,G,53,F,H,14.21,1F2
S,310,G,53,F,H,18.44,1F2
I,311,G,53,F,H,20.97,1F2
V,312,G,53,F,H,22.74,1F2
P,313,A,54,I,H,22.01,1F2
N,314,G,53,F,H,20.03,1F2
F,315,A,54,I,H,18.48,1F2
I,316,A,54,I,H,15.91,1F2
L,317,A,54,I,H,10.32,1F2
V,318,A,55,G,H,11.35,1F2
R,319,A,54,I,H,5.58,1F2
N,320,A,55,G,H,8.24,1F2
T,321,A,55,G,H,13.23,1F2
L,322,A,54,I,H,13.17,1F2
I,323,A,54,I,H,15.3,1F2
S,324,A,54,I,H,12.81,1F2
N,325,A,54,I,H,14.04,1F2
I,326,A,54,I,H,12.66,1F2
E,327,A,54,I,H,14.62,1F2
I,328,A,54,I,H,17.02,1F2
G,329,A,54,I,H,18.19,1F2
F,330,A,54,I,H,14.95,1F2
C,331,A,54,I,H,12.8,1F2
L,332,A,58,R,H,14.53,1F2
I,333,A,58,R,H,17.21,1F2
T,334,A,58,R,H,14.05,1F2
K,335,A,64,K,H,16.46,1F2
R,336,A,58,R,H,11.78,1F2
S,337,A,58,R,H,11.19,1F2
V,338,A,54,I,H,11.16,1F2
I,339,A,58,R,H,10.6,1F2
C,340,A,54,I,H,8.11,1F2
N,341,A,54,I,H,7.66,1F2
Q,342,A,54,I,H,7.27,1F2
D,343,A,54,I,H,6.22,1F2
Y,344,A,54,I,H,9.39,1F2
A,345,A,54,I,H,10.5,1F2
T,346,A,54,I,H,13.69,1F2
P,347,A,54,I,H,16.22,1F2
M,348,A,54,I,H,18.49,1F2
T,349,A,54,I,H,21.92,1F2
N,350,A,73,K,H,23.11,1F2
N,351,A,54,I,H,26.25,1F2
M,352,A,54,I,H,23.98,1F2
R,353,A,54,I,H,18.27,1F2
E,354,A,54,I,H,25.38,1F2
C,355,A,54,I,H,27.04,1F2
L,356,A,54,I,H,21.97,1F2
T,357,A,54,I,H,23.77,1F2
G,358,A,54,I,H,27.88,1F2
S,359,A,54,I,H,30.13,1F2
T,360,G,53,F,H,27.92,1F2
E,361,G,53,F,H,30.13,1F2
K,362,G,53,F,H,29.36,1F2
C,363,G,53,F,H,25.7,1F2
P,364,G,53,F,H,23.06,1F2
R,365,G,53,F,H,20.98,1F2
E,366,G,53,F,H,17.09,1F2
L,367,G,73,K,H,15.2,1F2
V,368,G,53,F,H,10.71,1F2
V,369,G,53,F,H,9.36,1F2
S,370,G,53,F,H,7.98,1F2
S,371,G,53,F,H,3.83,1F2
H,372,G,54,I,H,3.87,1F2
V,373,G,53,F,H,6.48,1F2
P,374,G,53,F,H,8.84,1F2
R,375,G,53,F,H,4.34,1F2
F,376,G,53,F,H,10.35,1F2
A,377,G,53,F,H,14.67,1F2
L,378,G,53,F,H,17.49,1F2
S,379,G,53,F,H,20.95,1F2
N,380,A,64,K,H,23.63,1F2
G,381,G,28,S,H,21.32,1F2
V,382,G,28,S,H,19.86,1F2
L,383,G,28,S,H,13.93,1F2
F,384,G,53,F,H,15.57,1F2
A,385,G,28,S,H,13.17,1F2
N,386,G,28,S,H,11.23,1F2
C,387,G,28,S,H,10.38,1F2
I,388,G,30,T,H,9.64,1F2
S,389,G,30,T,H,6.55,1F2
V,390,G,28,S,H,6.8,1F2
T,391,G,28,S,H,3.89,1F2
C,392,G,28,S,H,7.79,1F2
Q,393,G,26,G,H,6.67,1F2
C,394,G,26,G,H,11.71,1F2
Q,395,G,26,G,H,10.43,1F2
T,396,G,1,E,H,14.01,1F2
T,397,G,1,E,H,12.94,1F2
G,398,G,26,G,H,10.54,1F2
R,399,G,26,G,H,11.86,1F2
A,400,G,76,R,H,9.9,1F2
I,401,G,28,S,H,12.29,1F2
S,402,G,76,R,H,13.29,1F2
Q,403,G,74,S,H,14.55,1F2
S,404,G,74,S,H,16.74,1F2
G,405,G,74,S,H,16.49,1F2
E,406,G,74,S,H,18.9,1F2
Q,407,G,74,S,H,18.81,1F2
T,408,G,53,F,H,17.31,1F2
L,409,G,53,F,H,16.09,1F2
L,410,G,28,S,H,15.67,1F2
M,411,G,28,S,H,18.94,1F2
I,412,G,28,S,H,14.48,1F2
D,413,G,28,S,H,20.0,1F2
N,414,G,28,S,H,21.97,1F2
T,415,G,28,S,H,23.54,1F2
T,416,G,26,G,H,20.05,1F2
C,417,G,28,S,H,15.9,1F2
P,418,G,28,S,H,18.93,1F2
T,419,G,26,G,H,14.88,1F2
A,420,G,28,S,H,12.29,1F2
V,421,G,28,S,H,8.25,1F2
L,422,G,28,S,H,6.94,1F2
G,423,G,28,S,H,5.03,1F2
N,424,G,97,D,H,4.81,1F2
V,425,G,32,Y,H,8.38,1F2
I,426,G,32,Y,H,10.55,1F2
I,427,G,28,S,H,14.18,1F2
S,428,G,28,S,H,17.56,1F2
L,429,G,28,S,H,17.53,1F2
G,430,G,28,S,H,22.5,1F2
K,431,G,28,S,H,25.35,1F2
Y,432,G,28,S,H,25.53,1F2
L,433,A,64,K,H,26.6,1F2
G,434,G,28,S,H,30.27,1F2
S,435,G,28,S,H,28.53,1F2
V,436,G,28,S,H,27.91,1F2
N,437,G,28,S,H,27.98,1F2
Y,438,G,28,S,H,23.14,1F2
N,439,G,28,S,H,21.21,1F2
S,440,G,28,S,H,25.88,1F2
E,441,G,28,S,H,26.71,1F2
G,442,G,74,S,H,27.64,1F2
I,443,G,53,F,H,24.82,1F2
A,444,G,53,F,H,27.37,1F2
I,445,G,73,K,H,23.68,1F2
G,446,G,73,K,H,25.37,1F2
P,447,G,53,F,H,25.47,1F2
P,448,G,73,K,H,22.78,1F2
V,449,G,53,F,H,22.4,1F2
F,450,G,73,K,H,21.12,1F2
T,451,G,53,F,H,21.06,1F2
D,452,G,54,I,H,21.43,1F2
K,453,G,54,I,H,25.37,1F2
V,454,G,54,I,H,25.73,1F2
D,455,G,54,I,H,22.34,1F2
I,456,G,54,I,H,27.58,1F2
S,457,G,54,I,H,30.0,1F2
S,458,G,54,I,H,28.25,1F2
Q,459,G,73,K,H,27.43,1F2
I,460,G,54,I,H,32.71,1F2
S,461,G,54,I,H,34.36,1F2
S,462,G,54,I,H,32.1,1F2
M,463,G,73,K,H,33.78,1F2
N,464,G,54,I,H,37.85,1F2
Q,465,G,54,I,H,36.26,1F2
S,466,G,73,K,H,36.45,1F2
L,467,G,73,K,H,40.26,1F2
Q,468,G,73,K,H,42.75,1F2
Q,469,G,73,K,H,41.9,1F2
S,470,G,73,K,H,41.91,1F2
K,471,A,73,K,H,44.05,1F2
D,472,G,73,K,H,47.62,1F2
Y,473,G,73,K,H,46.99,1F2
I,474,A,73,K,H,47.18,1F2
K,475,A,73,K,H,48.68,1F2
E,476,G,73,K,H,49.82,1F2
A,477,G,73,K,H,52.24,1F2
Q,478,A,73,K,H,48.17,1F2
R,479,A,73,K,H,54.89,1F2
L,480,G,74,S,H,55.96,1F2
