site,wildtype,mutant,mutation_count,mutation_type
2,V,A,20,V->A
3,V,T,20,V->T
4,I,Q,20,I->Q
5,L,E,16,L->E
5,L,R,3,L->R
6,D,V,20,D->V
7,K,R,16,K->R
8,R,L,16,R->L
8,R,V,4,R->V
9,C,K,16,C->K
9,C,S,4,C->S
10,Y,C,16,Y->C
11,C,L,20,C->L
12,N,L,16,N->L
12,N,I,4,N->I
13,L,C,20,L->C
14,L,G,20,L->G
16,L,I,16,L->I
16,L,V,4,L->V
17,I,V,16,I->V
18,L,S,4,L->S
19,M,V,16,M->V
19,M,A,4,M->A
20,I,L,20,I->L
22,E,L,20,E->L
23,C,E,20,C->E
24,S,G,20,S->G
25,V,L,20,V->L
42,V,I,16,V->I
68,M,V,20,M->V
70,Q,K,20,Q->K
74,S,T,20,S->T
81,T,S,16,T->S
81,T,N,4,T->N
84,N,T,20,N->T
88,T,S,20,T->S
94,L,I,20,L->I
96,I,L,20,I->L
98,K,N,20,K->N
105,V,I,4,V->I
109,R,K,20,R->K
114,I,V,20,I->V
118,V,I,20,V->I
189,K,Q,20,K->Q
198,S,A,19,S->A
267,I,V,20,I->V
293,I,V,20,I->V
316,I,V,20,I->V
318,V,I,20,V->I
328,I,V,20,I->V
329,G,K,20,G->K
330,F,Y,20,F->Y
333,I,T,4,I->T
336,R,K,20,R->K
350,N,A,16,N->A
350,N,S,4,N->S
351,N,S,16,N->S
351,N,T,4,N->T
352,M,V,20,M->V
361,E,D,20,E->D
380,N,G,20,N->G
418,P,T,20,P->T
420,A,V,20,A->V
425,V,I,20,V->I
436,V,I,16,V->I
436,V,T,4,V->T
442,G,S,20,G->S
445,I,V,20,I->V
450,F,Y,20,F->Y
453,K,R,4,K->R
479,R,K,16,R->K
480,L,I,20,L->I
496,I,V,4,I->V
502,I,T,4,I->T
504,S,A,20,S->A
512,F,L,4,F->L
516,I,V,16,I->V
523,N,G,20,N->G
524,T,N,20,T->N
529,E,D,20,E->D
532,R,Q,16,R->Q
536,T,V,20,T->V
538,S,N,20,S->N
